DEXPDF;;Aufbau;"F.1.15"
DEXPDF;"NACHRICHT / Zeitpunkt der Erstellung";Beschränkung;"01.01.2000 00:00:00 - 31.12.2099 23:59:59"
DEXPDF;"NACHRICHT / Zeitpunkt der Erstellung";Aufbau;"n2 Jahrhundert (20)
n2 Jahr (00-99)
  Trennzeichen („-“)
n2 Monat (01-12)
  Trennzeichen („-“)
n2 Tag (01-31)
  Trennzeichen („T“)
n2 Stunde (00-23)
  Trennzeichen („:“)
n2 Minute (00-59)
  Trennzeichen („:“)
n2 Sekunde (00-59)"
DEXPDF;"NACHRICHT / Zeitpunkt der Erstellung";Prüfmuster;"(?!....-(02|04|06|09|11)-31|....-02-30|..(.[13579]|[02468][26]|[13579][048])-02-29)
(20[0-9][0-9])-(0[1-9]|1[0-2])-(0[1-9]|[12][0-9]|3[01])T([01][0-9]|2[0-3]):([0-5][0-9]):([0-5][0-9])"
DEXPDF;"NACHRICHT / Test-Indikator";Beschränkung;"fix 1"
DEXPDF;"NACHRICHT / Test-Indikator";Prüfmuster;"1"
DEXPDF;"NACHRICHT / Nachrichtenkennung";Prüfung;"In diesem Datenfeld wird eine in Kombination mit den Datenfeldern „NACHRICHTENSENDER / Identifikationsnummer“ und „• / Niederlassungsnummer“, „NACHRICHTENEMPFÄNGER / Referenznummer“ und „Nachrichtengruppe“ permanent eindeutige Kennung erwartet. Im Fall einer Uneindeutigkeit (wiederholt verwendete Kennung des gleichen Absenders an die gleiche Dienststelle in der gleichen Nachrichtengruppe, ggf. auch erst nach längerer Zeit) wird die eingehende Übermittlung mit einer entsprechenden Nachricht „Technische/Fachliche Fehlermeldung“ (E_ERR_NCK) abgewiesen."
DEXPDF;"NACHRICHT / Nachrichtenkennung";Prüfmuster;".{1,35}"
DEXPDF;"NACHRICHT / Nachrichtengruppe";Beschränkung;"fix „EXP“ [Ausfuhr - Überführung und Erledigung]"
DEXPDF;"NACHRICHT / Nachrichtengruppe";Prüfmuster;"EXP"
DEXPDF;"NACHRICHT / Nachrichtentyp";Beschränkung;"fix „DEXPDF“"
DEXPDF;"NACHRICHT / Nachrichtentyp";Prüfmuster;"DEXPDF"
DEXPDF;"NACHRICHT / Nachrichtenversion";Prüfmuster;"F\.[1-9][0-9]?\.[1-9]?[0-9]"
DEXPDF;"NACHRICHT / Zuordnungskennung";Prüfmuster;".{1,35}"
DEXPDF;"NACHRICHTENSENDER / Identifikationsnummer";Beschränkung;"Verwendbare Nummernkreise:
• EORI-Nummer"
DEXPDF;"NACHRICHTENSENDER / Identifikationsnummer";Aufbau;"Deutsche EORI-Nummer aus Migration:
a2 Land „DE“ [Deutschland]
n7 Zollnummer"
DEXPDF;"NACHRICHTENSENDER / Identifikationsnummer";Aufbau;"EORI-Nummer anderer Mitgliedstaaten oder deutsche EORI-Nummer aus Neuvergabe:
a2 Land (Codeliste C0010)
an..15 Nationale Identifikationsnummer"
DEXPDF;"NACHRICHTENSENDER / Identifikationsnummer";Prüfmuster;"[A-Z]{2}[\x21-\x7E]{1,15}"
DEXPDF;"NACHRICHTENSENDER / Niederlassungsnummer";Prüfmuster;"[0-9]{4}"
DEXPDF;"NACHRICHTENSENDER / BIN";Prüfmuster;"[0-9]{25}"
DEXPDF;"NACHRICHTENEMPFÄNGER / Referenznummer";Aufbau;"a2 Land „DE“ [Deutschland]
n2 zwei führende Ziffern „00“ oder „01“
n4 Dienststellennummer ATLAS"
DEXPDF;"NACHRICHTENEMPFÄNGER / Referenznummer";Prüfmuster;"DE0[01][0-9]{4}"
DEXPDF;"SZENARIO / Identifikationsnummer";Prüfmuster;"[1-9][0-9]{4}"
DEXPDF;"SZENARIO / Hinweis";Prüfmuster;"[A-Z]{2}"
DEXPDF;"KOPF / LRN";Prüfung;"Wenn das Datenfeld „Beteiligten-Konstellation“ mit einem der Werte „••1•“ [Anmelder lässt sich direkt vertreten] angegeben wird, gilt:
• Die Kombination der Datenfelder „LRN“, „VERTRETER / Identifikationsnummer“ und „• / Niederlassungsnummer“ muss permanent eindeutig sein."
DEXPDF;"KOPF / LRN";Prüfung;"Wenn das Datenfeld „Beteiligten-Konstellation“ mit einem der Werte „••0•“ [Anmelder lässt sich nicht direkt vertreten] und das Datenfeld „ANMELDER / Identifikationsnummer“ angegeben wird, gilt:
• Die Kombination der Datenfelder „LRN“, „ANMELDER / Identifikationsnummer“ und „• / Niederlassungsnummer“ muss permanent eindeutig sein."
DEXPDF;"KOPF / LRN";Prüfung;"Sofern vorgenannte Kriterien nicht gegeben sind, gilt aushilfsweise:
• Die Kombination der Datenfelder „LRN“, „NACHRICHTENSENDER / Identifikationsnummer“ und „• / Niederlassungsnummer“ muss permanent eindeutig sein."
DEXPDF;"KOPF / LRN";Prüfmuster;".{1,22}"
DEXPDF;"KOPF / Art der Anmeldung";Prüfmuster;"[A-Z]{2}"
DEXPDF;"KOPF / Zusätzliche Art der Anmeldung";Prüfmuster;"[A-Z]"
DEXPDF;"KOPF / Art der Ausfuhranmeldung";Prüfung;"Die Verwendung eines der Werte „••1•••••“ [Zollrechtliche Passive Veredelung] ist nur zulässig, wenn das Datenfeld „Art der Anmeldung“ mit dem Wert „EX“ [Ausfuhr oder Wiederausfuhr von Gütern außerhalb des Zollgebiets der Union] angegeben wird."
DEXPDF;"KOPF / Art der Ausfuhranmeldung";Aufbau;"Zum Verständnis verschiedener Abhängigkeiten innerhalb der Nachricht wird im Folgenden die Systematik und der Inhalt der Codeliste dargestellt.
X••••••• Zeitpunkt der Abgabe der Anmeldung: 0=vorab, 1=rückwirkend/nachträglich, 2=gesammelt
•X•••••• Grund: 0=ohne, 1=Korrektur, 2: Notfall-Verfahren, 3=Carnet-ATA
••X••••• Art der Passiven Veredelung: 0=keine, 1=zollrechtliche, 2=wirtschaftliche
•••X•••• Art der PV-Bewilligung: 0=keine, 1=OPO-PV, 2=Antrag auf vereinfachte Bewilligung
••••X••• Art der bewilligten Vereinfachung: 0=keine, 1=SDE
•••••X•• Ort der Gestellung: 0=keiner, 1=Ausfuhrzollstelle, 2=§12(4) AWV, 3=SDE-Bewilligung, 4=CCL-Bewilligung, 9=Ausgangszollstelle
••••••X• Umfang der Anmeldung (Vereinfachung): 0=vollständig, 1=unvollständig
•••••••X Sonderfall: 0=keiner, 1=geringwertig, 2=begründet"
DEXPDF;"KOPF / Art der Ausfuhranmeldung";Aufbau;"Einfache Ausfuhranmeldungen:
00000100 Standard-Ausfuhranmeldung zum zweistufigen Normalverfahren
00000110 Vereinfachte Ausfuhranmeldung zum zweistufigen Normalverfahren
00000200 Standard-Ausfuhranmeldung zum zweistufigen Normalverfahren mit Antrag auf Gestellung außerhalb des Amtsplatzes nach §12(4) AWV
00000210 Vereinfachte Ausfuhranmeldung zum zweistufigen Normalverfahren mit Antrag auf Gestellung außerhalb des Amtsplatzes nach §12(4) AWV
00000400 Standard-Ausfuhranmeldung zum zweistufigen Normalverfahren unter Verwendung einer Bewilligung CCL-Ausfuhr
00000901 Standard-Ausfuhranmeldung zum einstufigen Verfahren bei Waren mit einem Wert bis 3.000€
00000902 Standard-Ausfuhranmeldung zum einstufigen Verfahren in begründeten Fällen
00001300 Standard-Ausfuhranmeldung zum zweistufigen Vereinfachten Verfahren unter Verwendung einer Bewilligung SDE-Ausfuhr
00001310 Vereinfachte Ausfuhranmeldung zum zweistufigen Vereinfachten Verfahren unter Verwendung einer Bewilligung SDE-Ausfuhr
00001410 Vereinfachte Ausfuhranmeldung zum zweistufigen Vereinfachten Verfahren unter Verwendung von Bewilligungen SDE-Ausfuhr und CCL-Ausfuhr"
DEXPDF;"KOPF / Art der Ausfuhranmeldung";Aufbau;"Ausfuhranmeldungen zur Überführung in die zollrechtliche Passive Veredelung:
00110100 Standard-Ausfuhranmeldung zum zweistufigen Normalverfahren unter Verwendung einer Bewilligung OPO-PV
00110110 Vereinfachte Ausfuhranmeldung zum zweistufigen Normalverfahren unter Verwendung einer Bewilligung OPO-PV
00110200 Standard-Ausfuhranmeldung zum zweistufigen Normalverfahren mit Antrag auf Gestellung außerhalb des Amtsplatzes nach §12(4) AWV unter Verwendung einer Bewilligung OPO-PV
00110210 Vereinfachte Ausfuhranmeldung zum zweistufigen Normalverfahren mit Antrag auf Gestellung außerhalb des Amtsplatzes nach §12(4) AWV unter Verwendung einer Bewilligung OPO-PV
00110400 Standard-Ausfuhranmeldung zum zweistufigen Normalverfahren unter Verwendung von Bewilligungen OPO-PV und CCL-PV
00111300 Standard-Ausfuhranmeldung zum zweistufigen Vereinfachten Verfahren unter Verwendung von Bewilligungen SDE-PV und OPO-PV
00111310 Vereinfachte Ausfuhranmeldung zum zweistufigen Vereinfachten Verfahren SDE-PV unter Verwendung einer Bewilligung OPO-PV
00111410 Vereinfachte Ausfuhranmeldung zum zweistufigen Vereinfachten Verfahren unter Verwendung von Bewilligungen SDE-PV, OPO-PV und CCL-PV
00120100 Standard-Ausfuhranmeldung zum zweistufigen Normalverfahren mit Antrag auf eine vereinfacht zu erteilende PV-Bewilligung
00120110 Vereinfachte Ausfuhranmeldung zum zweistufigen Normalverfahren mit Antrag auf eine vereinfacht zu erteilende PV-Bewilligung
00120200 Standard-Ausfuhranmeldung zum zweistufigen Normalverfahren mit Anträgen auf Gestellung außerhalb des Amtsplatzes nach §12(4) AWV und eine vereinfacht zu erteilende PV-Bewilligung
00120210 Vereinfachte Ausfuhranmeldung zum zweistufigen Normalverfahren mit Anträgen auf Gestellung außerhalb des Amtsplatzes nach §12(4) AWV und eine vereinfacht zu erteilende PV-Bewilligung"
DEXPDF;"KOPF / Art der Ausfuhranmeldung";Aufbau;"Ausfuhranmeldungen zur Überführung in die wirtschaftliche Passive Veredelung:
00200100 Standard-Ausfuhranmeldung zum zweistufigen Normalverfahren als wirtschaftliche PV
00200110 Vereinfachte Ausfuhranmeldung zum zweistufigen Normalverfahren als wirtschaftliche PV
00200200 Standard-Ausfuhranmeldung zum zweistufigen Normalverfahren mit Antrag auf Gestellung außerhalb des Amtsplatzes nach §12(4) AWV als wirtschaftliche PV
00200210 Vereinfachte Ausfuhranmeldung zum zweistufigen Normalverfahren mit Antrag auf Gestellung außerhalb des Amtsplatzes nach §12(4) AWV als wirtschaftliche PV
00200400 Standard-Ausfuhranmeldung zum zweistufigen Normalverfahren als wirtschaftliche PV unter Verwendung einer Bewilligung CCL-Ausfuhr
00201300 Standard-Ausfuhranmeldung zum zweistufigen Vereinfachten Verfahren als wirtschaftliche PV unter Verwendung einer Bewilligung SDE-Ausfuhr
00201310 Vereinfachte Ausfuhranmeldung zum zweistufigen Vereinfachten Verfahren als wirtschaftliche PV unter Verwendung einer Bewilligung SDE-Ausfuhr
00201410 Vereinfachte Ausfuhranmeldung zum zweistufigen Vereinfachten Verfahren als wirtschaftliche PV unter Verwendung der Bewilligungen SDE-Ausfuhr und CCL-Ausfuhr"
DEXPDF;"KOPF / Art der Ausfuhranmeldung";Aufbau;"Rückwirkende Ausfuhranmeldungen:
10000000 Rückwirkende Ausfuhranmeldung
10000400 Rückwirkende Ausfuhranmeldung unter Verwendung einer Bewilligung CCL-Ausfuhr
10110000 Rückwirkende Ausfuhranmeldung unter Verwendung einer Bewilligung OPO-PV
10110400 Rückwirkende Ausfuhranmeldung unter Verwendung von Bewilligungen OPO-PV und CCL-PV
10200000 Rückwirkende Ausfuhranmeldung als wirtschaftliche PV
10200400 Rückwirkende Ausfuhranmeldung als wirtschaftliche PV unter Verwendung einer Bewilligung CCL-Ausfuhr"
DEXPDF;"KOPF / Art der Ausfuhranmeldung";Aufbau;"Nachträgliche Ausfuhranmeldung zur Korrektur:
11000000 Nachträgliche Ausfuhranmeldung bei vorheriger ganz oder teilweise unrichtiger Anmeldung
11110000 Nachträgliche Ausfuhranmeldung bei vorheriger ganz oder teilweise unrichtiger Anmeldung unter Verwendung einer Bewilligung OPO-PV
11120000 Nachträgliche Ausfuhranmeldung bei vorheriger ganz oder teilweise unrichtiger Anmeldung mit Antrag auf eine vereinfacht zu erteilende PV-Bewilligung
11200000 Nachträgliche Ausfuhranmeldung bei vorheriger ganz oder teilweise unrichtiger Anmeldung als wirtschaftliche PV"
DEXPDF;"KOPF / Art der Ausfuhranmeldung";Aufbau;"Nachträgliche Ausfuhranmeldung aus dem Notfallverfahren:
12000000 Nachträgliche Ausfuhranmeldung aus dem Notfallverfahren
12000400 Nachträgliche Ausfuhranmeldung aus dem Notfallverfahren unter Verwendung einer Bewilligung CCL-Ausfuhr
12110000 Nachträgliche Ausfuhranmeldung aus dem Notfallverfahren unter Verwendung einer Bewilligung OPO-PV
12110400 Nachträgliche Ausfuhranmeldung aus dem Notfallverfahren unter Verwendung von Bewilligungen OPO-PV und CCL-PV
12120000 Nachträgliche Ausfuhranmeldung aus dem Notfallverfahren mit Antrag auf eine vereinfacht zu erteilende PV-Bewilligung
12200000 Nachträgliche Ausfuhranmeldung aus dem Notfallverfahren als wirtschaftliche PV
12200400 Nachträgliche Ausfuhranmeldung aus dem Notfallverfahren als wirtschaftliche PV unter Verwendung einer Bewilligung CCL-Ausfuhr"
DEXPDF;"KOPF / Art der Ausfuhranmeldung";Aufbau;"Rückwirkende Anmeldung auf Basis eines Carnet ATA:
13000000 Rückwirkende Ausfuhranmeldung nach Carnet ATA ohne Wiedereinfuhr"
DEXPDF;"KOPF / Art der Ausfuhranmeldung";Aufbau;"Monatliche Sammelanmeldung zur Ausfuhr:
20000000 Monatliche Sammelanmeldung zum Vereinfachten Verfahren unter Verwendung einer Bewilligung EIR-Ausfuhr"
DEXPDF;"KOPF / Art der Ausfuhranmeldung";Prüfmuster;"[0-9]{8}"
DEXPDF;"KOPF / Beteiligten-Konstellation";Prüfung;"Die Verwendung eines der Werte „••01“ [Anmelder lässt sich nicht direkt vertreten • Ausführer beauftragt Subunternehmer], „••10“ [Anmelder lässt sich direkt vertreten • Ausführer beauftragt keinen Subunternehmer] und „••11“ [Anmelder lässt sich direkt vertreten • Ausführer beauftragt Subunternehmer] ist unzulässig, wenn das Datenfeld „Art der Ausfuhranmeldung“ mit dem Wert „20000000“ [Monatliche Sammelanmeldung zum Vereinfachten Verfahren unter Verwendung einer Bewilligung EIR-Ausfuhr] angegeben wird."
DEXPDF;"KOPF / Beteiligten-Konstellation";Prüfung;"Die Verwendung eines der Werte „•••1“ [Ausführer beauftragt Subunternehmer] ist unzulässig, wenn das Datenfeld „Art der Ausfuhranmeldung“ mit einem der Werte „••111•••“ [Vereinfachtes Verfahren SDE-PV] oder „•••••9••“ [Einstufiges Verfahren] angegeben wird."
DEXPDF;"KOPF / Beteiligten-Konstellation";Aufbau;"Zum Verständnis verschiedener Abhängigkeiten innerhalb der Nachricht wird im Folgenden die Systematik und der Inhalt der Codeliste dargestellt.
1••• Außenwirtschaftsrechtlicher Ausführer ist nicht (zollrechtlicher) Ausführer
•1•• Ausführer lässt sich indirekt vertreten
••1• Anmelder lässt sich direkt vertreten
•••1 Ausführer beauftragt Subunternehmer"
DEXPDF;"KOPF / Beteiligten-Konstellation";Aufbau;"Im einzelnen:
0000 Außenwirtschaftsrechtlicher Ausführer ist (zollrechtlicher) Ausführer. Anmelder ist Ausführer. Anmelder lässt sich nicht direkt vertreten. Ausführer beauftragt keinen Subunternehmer.
0001 Außenwirtschaftsrechtlicher Ausführer ist (zollrechtlicher) Ausführer. Anmelder ist Ausführer. Anmelder lässt sich nicht direkt vertreten. Ausführer beauftragt Subunternehmer.
0010 Außenwirtschaftsrechtlicher Ausführer ist (zollrechtlicher) Ausführer. Anmelder ist Ausführer. Anmelder lässt sich direkt vertreten. Ausführer beauftragt keinen Subunternehmer.
0011 Außenwirtschaftsrechtlicher Ausführer ist (zollrechtlicher) Ausführer. Anmelder ist Ausführer. Anmelder lässt sich direkt vertreten. Ausführer beauftragt Subunternehmer.
0100 Außenwirtschaftsrechtlicher Ausführer ist (zollrechtlicher) Ausführer. Ausführer lässt sich indirekt vertreten. Anmelder lässt sich nicht direkt vertreten. Ausführer beauftragt keinen Subunternehmer.
0101 Außenwirtschaftsrechtlicher Ausführer ist (zollrechtlicher) Ausführer. Ausführer lässt sich indirekt vertreten. Anmelder lässt sich nicht direkt vertreten. Ausführer beauftragt Subunternehmer.
0110 Außenwirtschaftsrechtlicher Ausführer ist (zollrechtlicher) Ausführer. Ausführer lässt sich indirekt vertreten. Anmelder lässt sich direkt vertreten. Ausführer beauftragt keinen Subunternehmer.
0111 Außenwirtschaftsrechtlicher Ausführer ist (zollrechtlicher) Ausführer. Ausführer lässt sich indirekt vertreten. Anmelder lässt sich direkt vertreten. Ausführer beauftragt Subunternehmer.
1000 Außenwirtschaftsrechtlicher Ausführer ist nicht (zollrechtlicher) Ausführer. Anmelder ist Ausführer. Anmelder lässt sich nicht direkt vertreten. Ausführer beauftragt keinen Subunternehmer.
1010 Außenwirtschaftsrechtlicher Ausführer ist nicht (zollrechtlicher) Ausführer. Anmelder ist Ausführer. Anmelder lässt sich direkt vertreten. Ausführer beauftragt keinen Subunternehmer.
1100 Außenwirtschaftsrechtlicher Ausführer ist nicht (zollrechtlicher) Ausführer. Ausführer lässt sich indirekt vertreten. Anmelder lässt sich nicht direkt vertreten. Ausführer beauftragt keinen Subunternehmer.
1110 Außenwirtschaftsrechtlicher Ausführer ist nicht (zollrechtlicher) Ausführer. Ausführer lässt sich indirekt vertreten. Anmelder lässt sich direkt vertreten. Ausführer beauftragt keinen Subunternehmer."
DEXPDF;"KOPF / Beteiligten-Konstellation";Prüfmuster;"[0-9]{4}"
DEXPDF;"KOPF / Zeitpunkt der Anmeldung";Beschränkung;"01.01.2000 00:00:00 - 31.12.2099 23:59:59"
DEXPDF;"KOPF / Zeitpunkt der Anmeldung";Aufbau;"n2 Jahrhundert (20)
n2 Jahr (00-99)
  Trennzeichen („-“)
n2 Monat (01-12)
  Trennzeichen („-“)
n2 Tag (01-31)
  Trennzeichen („T“)
n2 Stunde (00-23)
  Trennzeichen („:“)
n2 Minute (00-59)
  Trennzeichen („:“)
n2 Sekunde (00-59)"
DEXPDF;"KOPF / Zeitpunkt der Anmeldung";Prüfmuster;"(?!....-(02|04|06|09|11)-31|....-02-30|..(.[13579]|[02468][26]|[13579][048])-02-29)
(20[0-9][0-9])-(0[1-9]|1[0-2])-(0[1-9]|[12][0-9]|3[01])T([01][0-9]|2[0-3]):([0-5][0-9]):([0-5][0-9])"
DEXPDF;"KOPF / Maßgebliches Datum";Bedingung;"Die Angabe des Datenfeldes ist erforderlich und nur zulässig, wenn das Datenfeld „Art der Ausfuhranmeldung“ mit einem der Werte „1•••••••“ [Rückwirkende/nachträgliche Anmeldung] oder „20000000“ [Monatliche Sammelanmeldung zum Vereinfachten Verfahren unter Verwendung einer Bewilligung EIR-Ausfuhr] angegeben wird."
DEXPDF;"KOPF / Maßgebliches Datum";Prüfung;"Das Datum darf nicht in der Zukunft liegen."
DEXPDF;"KOPF / Maßgebliches Datum";Prüfung;"Das Datum muss in dem Vormonat zu dem Datenfeld „Zeitpunkt der Anmeldung“ liegen, wenn das Datenfeld „Art der Ausfuhranmeldung“ mit dem Wert „20000000“ [Monatliche Sammelanmeldung zum Vereinfachten Verfahren unter Verwendung einer Bewilligung EIR-Ausfuhr] angegeben wird."
DEXPDF;"KOPF / Maßgebliches Datum";Beschränkung;"01.01.2000 - 31.12.2099"
DEXPDF;"KOPF / Maßgebliches Datum";Aufbau;"n2 Jahrhundert (20)
n2 Jahr (00-99)
  Trennzeichen („-“)
n2 Monat (01-12)
  Trennzeichen („-“)
n2 Tag (01-31)"
DEXPDF;"KOPF / Maßgebliches Datum";Prüfmuster;"(?!....-(02|04|06|09|11)-31|....-02-30|..(.[13579]|[02468][26]|[13579][048])-02-29)
(20[0-9][0-9])-(0[1-9]|1[0-2])-(0[1-9]|[12][0-9]|3[01])"
DEXPDF;"KOPF / Datum des Ausgangs";Bedingung;"Die Angabe des Datenfeldes ist erforderlich und nur zulässig, wenn das Datenfeld „Art der Ausfuhranmeldung“ mit einem der Werte „1•••••••“ [Rückwirkende/nachträgliche Anmeldung] angegeben wird."
DEXPDF;"KOPF / Datum des Ausgangs";Prüfung;"Das Datum darf nicht in der Zukunft liegen."
DEXPDF;"KOPF / Datum des Ausgangs";Beschränkung;"01.01.2000 - 31.12.2099"
DEXPDF;"KOPF / Datum des Ausgangs";Aufbau;"n2 Jahrhundert (20)
n2 Jahr (00-99)
  Trennzeichen („-“)
n2 Monat (01-12)
  Trennzeichen („-“)
n2 Tag (01-31)"
DEXPDF;"KOPF / Datum des Ausgangs";Prüfmuster;"(?!....-(02|04|06|09|11)-31|....-02-30|..(.[13579]|[02468][26]|[13579][048])-02-29)
(20[0-9][0-9])-(0[1-9]|1[0-2])-(0[1-9]|[12][0-9]|3[01])"
DEXPDF;"KOPF / Zeitpunkt der Gestellung";Bedingung;"Die Angabe des Datenfeldes ist erforderlich und nur zulässig, wenn das Datenfeld „Art der Ausfuhranmeldung“ mit einem der Werte „•••••2••“ [Gestellung außerhalb des Amtsplatzes nach §12(4) AWV] angegeben wird."
DEXPDF;"KOPF / Zeitpunkt der Gestellung";Prüfung;"Der Zeitpunkt des Anfangs darf nicht in der Vergangenheit liegen."
DEXPDF;"KOPF / Zeitpunkt der Gestellung";Prüfung;"Der Zeitpunkt des Anfangs muss vor dem „Zeitpunkt des Endes der Ladetätigkeit“ liegen."
DEXPDF;"KOPF / Zeitpunkt der Gestellung";Beschränkung;"01.01.2000 00:00:00 - 31.12.2099 23:59:59"
DEXPDF;"KOPF / Zeitpunkt der Gestellung";Aufbau;"n2 Jahrhundert (20)
n2 Jahr (00-99)
  Trennzeichen („-“)
n2 Monat (01-12)
  Trennzeichen („-“)
n2 Tag (01-31)
  Trennzeichen („T“)
n2 Stunde (00-23)
  Trennzeichen („:“)
n2 Minute (00-59)
  Trennzeichen („:“)
n2 Sekunde (00-59)"
DEXPDF;"KOPF / Zeitpunkt der Gestellung";Prüfmuster;"(?!....-(02|04|06|09|11)-31|....-02-30|..(.[13579]|[02468][26]|[13579][048])-02-29)
(20[0-9][0-9])-(0[1-9]|1[0-2])-(0[1-9]|[12][0-9]|3[01])T([01][0-9]|2[0-3]):([0-5][0-9]):([0-5][0-9])"
DEXPDF;"KOPF / Zeitpunkt des Endes der Ladetätigkeit";Bedingung;"Die Angabe des Datenfeldes ist erforderlich und nur zulässig, wenn das Datenfeld „Art der Ausfuhranmeldung“ mit einem der Werte „•••••2••“ [Gestellung außerhalb des Amtsplatzes nach §12(4) AWV] angegeben wird."
DEXPDF;"KOPF / Zeitpunkt des Endes der Ladetätigkeit";Prüfung;"Der Zeitpunkt des Endes muss nach dem „Zeitpunkt der Gestellung“ liegen."
DEXPDF;"KOPF / Zeitpunkt des Endes der Ladetätigkeit";Prüfung;"Der Zeitpunkt des Endes darf nicht mehr als 7 Tage in der Zukunft liegen."
DEXPDF;"KOPF / Zeitpunkt des Endes der Ladetätigkeit";Beschränkung;"01.01.2000 00:00:00 - 31.12.2099 23:59:59"
DEXPDF;"KOPF / Zeitpunkt des Endes der Ladetätigkeit";Aufbau;"n2 Jahrhundert (20)
n2 Jahr (00-99)
  Trennzeichen („-“)
n2 Monat (01-12)
  Trennzeichen („-“)
n2 Tag (01-31)
  Trennzeichen („T“)
n2 Stunde (00-23)
  Trennzeichen („:“)
n2 Minute (00-59)
  Trennzeichen („:“)
n2 Sekunde (00-59)"
DEXPDF;"KOPF / Zeitpunkt des Endes der Ladetätigkeit";Prüfmuster;"(?!....-(02|04|06|09|11)-31|....-02-30|..(.[13579]|[02468][26]|[13579][048])-02-29)
(20[0-9][0-9])-(0[1-9]|1[0-2])-(0[1-9]|[12][0-9]|3[01])T([01][0-9]|2[0-3]):([0-5][0-9]):([0-5][0-9])"
DEXPDF;"KOPF / Sicherheit";Prüfung;"Die Verwendung des Wertes „0“ [Enthält keine Daten einer summ. Eingangs- oder Ausgangsanmeldung] ist erforderlich, wenn das Datenfeld „Art der Anmeldung“ mit dem Wert „CO“ [Handel von Unionsgütern zwischen Zollgebieten, welche nicht von den Verordnungen 2006/112/EC oder 2008/118/EC erfasst sind.] angegeben wird."
DEXPDF;"KOPF / Sicherheit";Prüfmuster;"[0-9]"
DEXPDF;"KOPF / Indikator für besondere Umstände";Prüfmuster;"[A-Z][0-9]{2}"
DEXPDF;"KOPF / In Rechnung gestellter Gesamtbetrag";Beschränkung;"0.00 - 9999999999999999"
DEXPDF;"KOPF / In Rechnung gestellter Gesamtbetrag";Prüfmuster;"(?=.{1,17}\Z)(0|[1-9][0-9]{0,15})(\.[0-9]{1,2})?"
DEXPDF;"KOPF / Rechnungswährung";Bedingung;"Die Angabe des Datenfeldes ist erforderlich und nur zulässig, wenn das Datenfeld „In Rechnung gestellter Gesamtbetrag“ angegeben wird."
DEXPDF;"KOPF / Rechnungswährung";Prüfmuster;"[A-Z]{3}"
DEXPDF;"BEWILLIGUNG";Bedingung;"Die Angabe der Datengruppe ist erforderlich und nur zulässig, wenn die Angabe in dem Datenfeld „KOPF / Art der Ausfuhranmeldung“ die Nutzung einer Bewilligung erfordert,
• mit dem Wert „C514“ [Anschreibung in der Buchführung des Anmelders] im Datenfeld „Art“, wenn es mit dem Wert „20000000“ [Monatliche Sammelanmeldung zum Vereinfachten Verfahren unter Verwendung einer Bewilligung EIR-Ausfuhr] angegeben wird,
• mit dem Wert „C513“ [Zentrale Zollabwicklung] im Datenfeld „Art“, wenn es mit einem der Werte „•••0•4••“ [CCL-Ausfuhr] angegeben wird,
• mit dem Wert „C513“ [Zentrale Zollabwicklung] im Datenfeld „Art“, wenn es mit einem der Werte „••11•4••“ [CCL-PV] angegeben wird,
• mit dem Wert „C512“ [Vereinfachtes Verfahren] im Datenfeld „Art“, wenn es mit einem der Werte „•••01•••“ [SDE-Ausfuhr] angegeben wird,
• mit dem Wert „C512“ [Vereinfachtes Verfahren] im Datenfeld „Art“, wenn es mit einem der Werte „••111•••“ [SDE-PV] angegeben wird,
• mit dem Wert „C019“ [Passive Veredelung] im Datenfeld „Art“, wenn es mit einem der Werte „••11••••“ [OPO-PV] angegeben wird.
• mit einem der Werte „C517/C518/C519“ [Zolllager] im Datenfeld „Art“, wenn es mit einem der Werte „•••0•4••“ [CCL-Ausfuhr] sowie mindestens ein Datenfeld „Vorhergehendes Verfahren“ mit einem der Werte „71“ [Überführung von Waren in das Zolllagerverfahren] oder „76“ [Überführung von Unionswaren in das Zolllagerverfahren gem. Artikel 237 Abs. 2 des UZK] angegeben wird."
DEXPDF;"BEWILLIGUNG / Sequenznummer";Prüfung;"Die Nummern dieser Datengruppen müssen lückenlos aufsteigend angegeben werden, beginnend mit „1“."
DEXPDF;"BEWILLIGUNG / Sequenznummer";Beschränkung;"1 - 9"
DEXPDF;"BEWILLIGUNG / Sequenznummer";Prüfmuster;"[1-9]"
DEXPDF;"BEWILLIGUNG / Art";Prüfung;"Jede Art darf nur in einer Datengruppe „BEWILLIGUNG“ verwendet werden."
DEXPDF;"BEWILLIGUNG / Art";Prüfung;"Jede der Arten „C517“ [Privates Zolllager], „C518“ [Öffentliches Zolllager (Typ I)] und „C519“ [Öffentliches Zolllager (Typ II)] darf nur verwendet werden, wenn in keiner Datengruppe „BEWILLIGUNG“ eine der beiden anderen Arten verwendet wird."
DEXPDF;"BEWILLIGUNG / Art";Aufbau;"TARIC-Codierung:
a1 Großbuchstabe
n3 Ziffern"
DEXPDF;"BEWILLIGUNG / Art";Prüfmuster;"[A-Z][0-9]{3}"
DEXPDF;"BEWILLIGUNG / Referenznummer";Prüfung;"EIR-Ausfuhr:
• Die Verwendung des Wertes „EIR“ [Entry into the Declarant's Records] in den Stellen 3-5 der Bewilligungsnummer ist erforderlich, wenn das Datenfeld „Art“ mit dem Wert „C514“ [Anschreibung in der Buchführung des Anmelders] angegeben wird.
• Die Bewilligung muss dem Anmelder zugeordnet sein."
DEXPDF;"BEWILLIGUNG / Referenznummer";Prüfung;"CCL-Ausfuhr / CCL-PV:
• Die Verwendung des Wertes „CCL“ [Centralised Clearance] in den Stellen 3-5 der Bewilligungsnummer ist erforderlich, wenn das Datenfeld „Art“ mit dem Wert „C513“ [Zentrale Zollabwicklung] angegeben wird.
• Die Bewilligung muss dem Anmelder zugeordnet sein, wenn das Datenfeld „KOPF / Beteiligten-Konstellation“ mit einem der Werte „••0•“ [Anmelder lässt sich nicht direkt vertreten] angegeben wird.
• Die Bewilligung muss dem Anmelder oder dem direkten Vertreter zugeordnet sein, wenn das Datenfeld „KOPF / Beteiligten-Konstellation“ mit einem der Werte „••1•“ [Anmelder lässt sich direkt vertreten] angegeben wird.
• Die Bewilligung muss die Anmeldeart „1“ [Standard-Zollanmeldung] ausweisen, wenn das Datenfeld „KOPF / Art der Ausfuhranmeldung“ mit einem der Werte „•••••40•“ [Vollständige Anmeldung] angegeben wird.
Die Bewilligung muss die Anmeldeart „2“ [Vereinfachte Zollanmeldung] ausweisen, wenn das Datenfeld „KOPF / Art der Ausfuhranmeldung“ mit einem der Werte „•••••41•“ [Unvollständige Anmeldung] angegeben wird."
DEXPDF;"BEWILLIGUNG / Referenznummer";Prüfung;"CCL-Ausfuhr:
• Der Inhaber der Bewilligung muss mit dem Inhaber der Bewilligung SDE-Ausfuhr übereinstimmen (Personenidentität auf Basis von EORI-Daten ohne Berücksichtigung etwaiger Niederlassungen), wenn beide Bewilligungen kombiniert verwendet werden, also das Datenfeld „KOPF / Art der Ausfuhranmeldung“ mit einem der Werte „•••014••“ angegeben wird."
DEXPDF;"BEWILLIGUNG / Referenznummer";Prüfung;"CCL-PV:
• Der Inhaber der Bewilligung muss mit dem Inhaber der Bewilligung SDE-PV übereinstimmen (Personenidentität auf Basis von EORI-Daten ohne Berücksichtigung etwaiger Niederlassungen), wenn beide Bewilligungen kombiniert verwendet werden, also das Datenfeld „KOPF / Art der Ausfuhranmeldung“ mit einem der Werte „••1114••“ angegeben wird."
DEXPDF;"BEWILLIGUNG / Referenznummer";Prüfung;"SDE-Ausfuhr / SDE-PV:
• Die Verwendung des Wertes „SDE“ [Simplified Declaration] in den Stellen 3-5 der Bewilligungsnummer ist erforderlich, wenn das Datenfeld „Art“ mit dem Wert „C512“ [Vereinfachtes Verfahren] angegeben wird."
DEXPDF;"BEWILLIGUNG / Referenznummer";Prüfung;"SDE-Ausfuhr:
• Die Bewilligung muss dem Anmelder zugeordnet sein und eine Nutzungsbefugnis für die Rolle als Ausführer beinhalten, wenn das Datenfeld „KOPF / Beteiligten-Konstellation“ mit einem der Werte „•00•“ [Anmelder ist Ausführer • Anmelder lässt sich nicht direkt vertreten] angegeben wird.
• Die Bewilligung muss dem Anmelder zugeordnet sein und eine Nutzungsbefugnis für die Rolle als indirekter Vertreter beinhalten, wenn das Datenfeld „KOPF / Beteiligten-Konstellation“ mit einem der Werte „•10•“ [Ausführer lässt sich indirekt vertreten • Anmelder lässt sich nicht direkt vertreten] angegeben wird.
• Die Bewilligung muss dem Anmelder zugeordnet sein und eine Nutzungsbefugnis für die Rolle als Ausführer beinhalten oder dem direkten Vertreter zugeordnet sein und eine Nutzungsbefugnis für diese Rolle beinhalten, wenn das Datenfeld „KOPF / Beteiligten-Konstellation“ mit einem der Werte „•01•“ [Anmelder ist Ausführer • Anmelder lässt sich direkt vertreten] angegeben wird.
• Die Bewilligung muss dem Anmelder zugeordnet sein und eine Nutzungsbefugnis für die Rolle als indirekter Vertreter beinhalten oder dem direkten Vertreter zugeordnet sein und eine Nutzungsbefugnis für diese Rolle beinhalten, wenn das Datenfeld „KOPF / Beteiligten-Konstellation“ mit einem der Werte „•11•“ [Ausführer lässt sich indirekt vertreten • Anmelder lässt sich direkt vertreten] angegeben wird."
DEXPDF;"BEWILLIGUNG / Referenznummer";Prüfung;"SDE-PV:
• Die Bewilligung muss dem Anmelder zugeordnet sein, wenn das Datenfeld „KOPF / Beteiligten-Konstellation“ mit einem der Werte „••00“ [Anmelder lässt sich nicht direkt vertreten • Ausführer beauftragt keinen Subunternehmer] angegeben wird.
• Die Bewilligung muss entweder dem Anmelder zugeordnet sein oder aber dem direkten Vertreter zugeordnet sein und eine Nutzungsbefugnis für diese Rolle beinhalten, wenn das Datenfeld „KOPF / Beteiligten-Konstellation“ mit einem der Werte „••10“ [Anmelder lässt sich direkt vertreten • Ausführer beauftragt keinen Subunternehmer] angegeben wird.
• Die Bewilligung muss die gleichermaßen anzugebende Bewilligung OPO-PV in Feld 4 zum Verfahrenscode 21 als zulässig ausweisen."
DEXPDF;"BEWILLIGUNG / Referenznummer";Prüfung;"OPO-PV:
• Die Verwendung des Wertes „OPO“ [Outward Processing] in den Stellen 3-5 der Bewilligungsnummer ist erforderlich, wenn das Datenfeld „Art“ mit dem Wert „C019“ [Passive Veredelung] angegeben wird.
• Die Bewilligung muss dem als Verfahrensinhaber PV benannten Anmelder zugeordnet sein."
DEXPDF;"BEWILLIGUNG / Referenznummer";Prüfung;"CWx-ZL:
• Die Stellen 3-5 der Bewilligungsnummer müssen den Wert „CWP“ [Private Customs Warehouse] enthalten, wenn das Datenfeld „Art“ mit dem Wert „C517“ [Privates Zolllager] angegeben wird.
• Die Stellen 3-5 der Bewilligungsnummer müssen den Wert „CW1“ [Public Customs Warehouse type 1] enthalten, wenn das Datenfeld „Art“ mit dem Wert „C518“ [Öffentliches Zolllager (Typ I)] angegeben wird.
• Die Stellen 3-5 der Bewilligungsnummer müssen den Wert „CW2“ [Public Customs Warehouse type 2] enthalten, wenn das Datenfeld „Art“ mit dem Wert „C519“ [Öffentliches Zolllager (Typ II)] angegeben wird."
DEXPDF;"BEWILLIGUNG / Referenznummer";Aufbau;"Deutsche Bewilligungsnummer EIR-Ausfuhr:
a2 Land „DE“ [Deutschland]
a3 EU-Bewilligungsart „EIR“ [Entry into the Declarant's Records]
n4 Dienststellennummer ATLAS des erteilenden Hauptzollamts
a2 Nationale Bewilligungsart „AA“ [Anschreibeverfahren Ausfuhr]
n6 Laufende Nummer je Dienststelle und nationaler Bewilligungsart"
DEXPDF;"BEWILLIGUNG / Referenznummer";Aufbau;"Deutsche Bewilligungsnummer CCL-Ausfuhr / CCL-PV:
a2 Land „DE“ [Deutschland]
a3 EU-Bewilligungsart „CCL“ [Centralised Clearance]
n4 Dienststellennummer ATLAS des erteilenden Hauptzollamts
a2 Nationale Bewilligungsart „Z1“ [Zentrale Zollabwicklung Ausfuhr/PV]
n6 Laufende Nummer je Dienststelle und nationaler Bewilligungsart"
DEXPDF;"BEWILLIGUNG / Referenznummer";Aufbau;"Deutsche Bewilligungsnummer SDE-Ausfuhr:
a2 Land „DE“ [Deutschland]
a3 EU-Bewilligungsart „SDE“ [Simplified Declaration]
n4 Dienststellennummer ATLAS des erteilenden Hauptzollamts
a2 Nationale Bewilligungsart „ZA“ [Vereinfachtes Verfahren Ausfuhr]
n6 Laufende Nummer je Dienststelle und nationaler Bewilligungsart"
DEXPDF;"BEWILLIGUNG / Referenznummer";Aufbau;"Deutsche Bewilligungsnummer SDE-PV:
a2 Land „DE“ [Deutschland]
a3 EU-Bewilligungsart „SDE“ [Simplified Declaration]
n4 Dienststellennummer ATLAS des erteilenden Hauptzollamts
a2 Nationale Bewilligungsart „A7“ [Vereinfachtes Verfahren Passive Veredelung]
n6 Laufende Nummer je Dienststelle und nationaler Bewilligungsart"
DEXPDF;"BEWILLIGUNG / Referenznummer";Aufbau;"Deutsche Bewilligungsnummer OPO-PV:
a2 Land „DE“ [Deutschland]
a3 EU-Bewilligungsart „OPO“ [Outward Processing]
n4 Dienststellennummer ATLAS des erteilenden Hauptzollamts
a2 Nationale Bewilligungsart „PV“ [Passive Veredelung]
n6 Laufende Nummer je Dienststelle und nationaler Bewilligungsart"
DEXPDF;"BEWILLIGUNG / Referenznummer";Aufbau;"Deutsche Bewilligungsnummer CWx-ZL:
a2 Land „DE“
an3 EU-Bewilligungsart „CWP“ [Private Customs Warehouse], „CW1“ [Public Customs Warehouse type 1] oder „CW2“ [Public Customs Warehouse type 2]
n4 Dienststellennummer ATLAS des erteilenden Hauptzollamts
a2 Nationale Bewilligungsart „LA“ [Öffentliches Zolllager I des Typs A], „LB“ [Öffentliches Zolllager II des Typs B] oder „LC“ [Privates Zolllager des Typs C (verschlossen und nicht verschlossen)]
n6 Laufende Nummer je Dienststelle und nationaler Bewilligungsart"
DEXPDF;"BEWILLIGUNG / Referenznummer";Aufbau;"Bewilligungsnummer anderer Mitgliedstaaten:
a2 Land (Codeliste C0010), ohne „DE“ [Deutschland]
an3 EU-Bewilligungsart „EIR“ [Entry into the Declarant's Records], „CCL“ [Centralised Clearance], „SDE“ [Simplified Declaration], „OPO“ [Outward Processing], „CWP“ [Private Customs Warehouse], „CW1“ [Public Customs Warehouse type 1] oder „CW2“ [Public Customs Warehouse type 2]
an..29 Nationale Referenznummer der Bewilligung"
DEXPDF;"BEWILLIGUNG / Referenznummer";Prüfmuster;"(DEEIR[0-9]{4}AA[0-9]{6}|^DECCL[0-9]{4}Z1[0-9]{6}|^DESDE[0-9]{4}ZA[0-9]{6}|^DESDE[0-9]{4}A7[0-9]{6}|^DEOPO[0-9]{4}PV[0-9]{6}|^DECW[P12][0-9]{4}L[ABC][0-9]{6}|^(?!DE)[A-Z]{2}(EIR|CCL|SDE|OPO|CW[P12]).{1,29})"
DEXPDF;"BEWILLIGUNG / Bewilligungsinhaber";Prüfmuster;"[A-Z]{2}[\x21-\x7E]{1,15}"
DEXPDF;"GESTELLUNGSZOLLSTELLE";Bedingung;"Die Angabe der Datengruppe ist erforderlich und nur zulässig, wenn das Datenfeld „KOPF / Art der Ausfuhranmeldung“ mit einem der Werte „•••••4••“ [Zentrale Zollabwicklung] angegeben wird."
DEXPDF;"GESTELLUNGSZOLLSTELLE / Referenznummer";Prüfung;"Das Datenfeld muss eine Dienststelle bezeichnen, die in Feld 9 der Bewilligung CCL-Ausfuhr / CCL-PV ausgewiesen ist."
DEXPDF;"GESTELLUNGSZOLLSTELLE / Referenznummer";Prüfung;"Das Datenfeld muss eine Dienststelle bezeichnen, in deren Zuständigkeitsbereich die Adresse des Warenorts liegt (geprüft über die aufgeschlüsselten Stammdaten zu dem Datenfeld „LIEFERUNG / SENDUNG / WARENORT / Zusätzliche Kennung“)."
DEXPDF;"GESTELLUNGSZOLLSTELLE / Referenznummer";Aufbau;"Dienststellennummer anderer Mitgliedstaaten:
a2 Land (Codeliste C0010), ohne „DE“ [Deutschland]
an6 Nationale Dienststellennummer"
DEXPDF;"GESTELLUNGSZOLLSTELLE / Referenznummer";Prüfmuster;"(?!DE)[A-Z]{2}[A-Za-z0-9]{6}"
DEXPDF;"AUSFUHRZOLLSTELLE / Referenznummer";Prüfung;"Die Dienststellennummer muss mit dem Wert des Datenfeldes „NACHRICHTENEMPFÄNGER / Referenznummer“ übereinstimmen."
DEXPDF;"AUSFUHRZOLLSTELLE / Referenznummer";Prüfung;"Die Dienststelle muss im Zollstellenverzeichnis der Europäischen Kommission mit der Rolle „EXP“ [Ausfuhrzollstelle] notiert sein, wenn das Datenfeld „KOPF / Art der Ausfuhranmeldung“ nicht mit einem der Werte „•••••9••“ [Einstufiges Verfahren] angegeben wird."
DEXPDF;"AUSFUHRZOLLSTELLE / Referenznummer";Prüfung;"Die Dienststelle muss im Zollstellenverzeichnis der Europäischen Kommission mit der Rolle „EXT“ [Ausgangszollstelle in Grenz- oder vergleichbarer Lage] notiert sein, wenn das Datenfeld „KOPF / Art der Ausfuhranmeldung“ mit einem der Werte „•••••9••“ [Einstufiges Verfahren] angegeben wird."
DEXPDF;"AUSFUHRZOLLSTELLE / Referenznummer";Prüfung;"Zuständigkeitsprüfung ohne Bewilligungsauflagen:
Wenn das Datenfeld „KOPF / Art der Ausfuhranmeldung“ mit einem der Werte „00•00••0“ oder „00120••0“ angegeben wird, gilt:
• Das Datenfeld muss eine Dienststelle bezeichnen, in deren Zuständigkeitsbereich mindestens eine der Adressen von Ausführer, Subunternehmer oder Warenort liegt (geprüft über Codeliste I0610 mittels der Datenfelder „SUBUNTERNEHMER / ADRESSE / Land“ und „• / Postleitzahl“ und „LIEFERUNG / SENDUNG / WARENORT / ADRESSE / Land“ und „• / Postleitzahl“ bzw. die aufgeschlüsselten Stammdaten zu den Datenfeldern „AUSFÜHRER / Identifikationsnummer“ und „• / Niederlassungsnummer“, „SUBUNTERNEHMER / Identifikationsnummer“ und „• / Niederlassungsnummer“ sowie „LIEFERUNG / SENDUNG / WARENORT / Zusätzliche Kennung“)."
DEXPDF;"AUSFUHRZOLLSTELLE / Referenznummer";Prüfung;"Zuständigkeitsprüfung für rückwirkende/nachträgliche Anmeldungen ohne Bewilligungsauflagen:
Wenn das Datenfeld „KOPF / Art der Ausfuhranmeldung“ mit einem der Werte „1••0•0••“ oder „1••2•0••“ angegeben wird, gilt:
• Das Datenfeld muss eine Dienststelle bezeichnen, in deren Zuständigkeitsbereich die Adresse des Ausführers liegt, sofern in Deutschland (geprüft über Codeliste I0610 mittels der aufgeschlüsselten Stammdaten zu den Datenfeldern „AUSFÜHRER / Identifikationsnummer“ und „• / Niederlassungsnummer“).
• Das Datenfeld muss eine Dienststelle bezeichnen, in deren Zuständigkeitsbereich die Adresse des Warenorts liegt, sofern die Adresse des Ausführers außerhalb von Deutschland ist (geprüft über Codeliste I0610 mittels der Datenfelder „LIEFERUNG / SENDUNG / WARENORT / ADRESSE / Land“ und „• / Postleitzahl“ bzw. die aufgeschlüsselten Stammdaten zu den Datenfeldern „AUSFÜHRER / Identifikationsnummer“ und „• / Niederlassungsnummer“ sowie „LIEFERUNG / SENDUNG / WARENORT / Zusätzliche Kennung“)."
DEXPDF;"AUSFUHRZOLLSTELLE / Referenznummer";Prüfung;"Zuständigkeitsprüfung unter Auflagen einer durch ein Datenfeld „BEWILLIGUNG / Referenznummer“ in Anspruch genommenen Bewilligung CCL-Ausfuhr oder CCL-PV:
Wenn das Datenfeld „KOPF / Art der Ausfuhranmeldung“ mit einem der Werte „•••••4••“ [Zentrale Zollabwicklung] angegeben wird, gilt:
• Das Datenfeld muss die Dienststelle bezeichnen, die in Feld 15c der Bewilligung CCL-Ausfuhr ausgewiesen ist."
DEXPDF;"AUSFUHRZOLLSTELLE / Referenznummer";Prüfung;"Zuständigkeitsprüfung unter Auflagen einer durch ein Datenfeld „BEWILLIGUNG / Referenznummer“ in Anspruch genommenen Bewilligung EIR-Ausfuhr:
Wenn das Datenfeld „KOPF / Art der Ausfuhranmeldung“ mit dem Wert „20000000“ [Monatliche Sammelanmeldung zum Vereinfachten Verfahren unter Verwendung einer Bewilligung EIR-Ausfuhr] angegeben wird, gilt:
• Das Datenfeld muss eine Dienststelle bezeichnen, die in Feld 13d der Bewilligung ausgewiesen ist."
DEXPDF;"AUSFUHRZOLLSTELLE / Referenznummer";Prüfung;"Zuständigkeitsprüfung unter Auflagen einer durch ein Datenfeld „BEWILLIGUNG / Referenznummer“ in Anspruch genommenen Bewilligung SDE-Ausfuhr:
Wenn das Datenfeld „KOPF / Art der Ausfuhranmeldung“ mit einem der Werte „•••01•••“, nicht aber „•••014••“ angegeben wird, gilt:
• Das Datenfeld muss eine Dienststelle bezeichnen, die in Feld 10f der Bewilligung SDE-Ausfuhr für den angegebenen Ladeort ausgewiesen ist, sofern die Bewilligung nicht für Massengüter ohne Ladeort gilt."
DEXPDF;"AUSFUHRZOLLSTELLE / Referenznummer";Prüfung;"Zuständigkeitsprüfung unter Auflagen einer durch ein Datenfeld „BEWILLIGUNG / Referenznummer“ in Anspruch genommenen Bewilligung OPO-PV:
Wenn das Datenfeld „KOPF / Art der Ausfuhranmeldung“ mit einem der Werte „••11••••“, nicht aber „••11•4••“ angegeben wird, gilt:
• Das Datenfeld muss eine Dienststelle bezeichnen, die in Feld 9a der Bewilligung OPO-PV ausgewiesen ist.
• Das Datenfeld muss eine Dienststelle bezeichnen, in deren Zuständigkeitsbereich die Adresse des Warenorts liegt (geprüft über Codeliste I0610 mittels des Datenfeldes „LIEFERUNG / SENDUNG / WARENORT / ADRESSE / Postleitzahl“ bzw. die aufgeschlüsselten Stammdaten zu dem Datenfeld „LIEFERUNG / SENDUNG / WARENORT / Zusätzliche Kennung“)."
DEXPDF;"AUSFUHRZOLLSTELLE / Referenznummer";Prüfung;"Zuständigkeitsprüfung unter Auflagen einer durch ein Datenfeld „BEWILLIGUNG / Referenznummer“ in Anspruch genommenen Bewilligung SDE-PV:
Wenn das Datenfeld „KOPF / Art der Ausfuhranmeldung“ mit einem der Werte „••111•••“, nicht aber „••1114••“ angegeben wird, gilt:
• Das Datenfeld muss eine Dienststelle bezeichnen, die in Feld 9f der Bewilligung SDE-PV für den angegebenen Ladeort ausgewiesen ist, sofern die Bewilligung nicht für Massengüter ohne Ladeort gilt."
DEXPDF;"AUSFUHRZOLLSTELLE / Referenznummer";Aufbau;"a2 Land „DE“ [Deutschland]
n2 zwei führende Ziffern „00“ oder „01“
n4 Dienststellennummer ATLAS"
DEXPDF;"AUSFUHRZOLLSTELLE / Referenznummer";Prüfmuster;"DE0[01][0-9]{4}"
DEXPDF;"AUSFUHRZOLLSTELLE FÜR DIE ERGÄNZENDE/ERSETZENDE ANMELDUNG";Bedingung;"Die Angabe der Datengruppe ist erforderlich und nur zulässig, wenn das Datenfeld „KOPF / Art der Ausfuhranmeldung“ mit einem der Werte „••••••1•“ [Unvollständige Anmeldung] angegeben wird."
DEXPDF;"AUSFUHRZOLLSTELLE FÜR DIE ERGÄNZENDE/ERSETZENDE ANMELDUNG / Referenznummer";Prüfung;"Zuständigkeitsprüfung ohne Bewilligungsauflagen:
Wenn das Datenfeld „KOPF / Art der Ausfuhranmeldung“ mit einem der Werte „00••0•1•“ angegeben wird, gilt:
• Das Datenfeld muss eine Dienststelle bezeichnen, in deren Zuständigkeitsbereich mindestens eine der Adressen von Ausführer, Anmelder oder Subunternehmer liegt (geprüft über Codeliste I0610 mittels der Datenfelder „AUSFÜHRER / ADRESSE / Land“ und „• / Postleitzahl“, „ANMELDER / ADRESSE / Land“ und „• / Postleitzahl“ sowie „SUBUNTERNEHMER / ADRESSE / Land“ und „• / Postleitzahl“ bzw. die aufgeschlüsselten Stammdaten zu den Datenfeldern „AUSFÜHRER / Identifikationsnummer“ und „• / Niederlassungsnummer“, „ANMELDER / Identifikationsnummer“ und „• / Niederlassungsnummer“ sowie „SUBUNTERNEHMER / Identifikationsnummer“ und „• / Niederlassungsnummer“).
• Das Datenfeld muss mit dem Datenfeld „AUSFUHRZOLLSTELLE / Referenznummer“ übereinstimmen, wenn das Datenfeld „KOPF / Beteiligten-Konstellation“ mit einem der Werte „•••0“ [Ausführer beauftragt keinen Subunternehmer] angegeben wird und weder Ausführer noch Anmelder in Deutschland ansässig sind (geprüft über die Datenfelder „AUSFÜHRER / ADRESSE / Land“ sowie „ANMELDER / ADRESSE / Land“ bzw. die aufgeschlüsselten Stammdaten zu den Datenfeldern „AUSFÜHRER / Identifikationsnummer“ und „• / Niederlassungsnummer“ sowie „ANMELDER / Identifikationsnummer“ und „• / Niederlassungsnummer“)."
DEXPDF;"AUSFUHRZOLLSTELLE FÜR DIE ERGÄNZENDE/ERSETZENDE ANMELDUNG / Referenznummer";Prüfung;"Zuständigkeitsprüfung unter Auflagen einer durch ein Datenfeld „BEWILLIGUNG / Referenznummer“ in Anspruch genommenen Bewilligung CCL-Ausfuhr oder CCL-PV:
Wenn das Datenfeld „KOPF / Art der Ausfuhranmeldung“ mit einem der Werte „0••••4••“ angegeben wird, gilt:
• Das Datenfeld muss die Dienststelle bezeichnen, die in Feld 15c der Bewilligung CCL-Ausfuhr ausgewiesen ist."
DEXPDF;"AUSFUHRZOLLSTELLE FÜR DIE ERGÄNZENDE/ERSETZENDE ANMELDUNG / Referenznummer";Prüfung;"Zuständigkeitsprüfung unter Auflagen einer durch ein Datenfeld „BEWILLIGUNG / Referenznummer“ in Anspruch genommenen Bewilligung SDE-Ausfuhr:
Wenn das Datenfeld „KOPF / Art der Ausfuhranmeldung“ mit einem der Werte „00001•1•“ oder „00201•1•“ angegeben wird, gilt:
• Das Datenfeld muss eine Dienststelle bezeichnen, in deren Zuständigkeitsbereich mindestens eine der Adressen von Ausführer, Anmelder oder Subunternehmer liegt (geprüft über Codeliste I0610 mittels der Datenfelder „AUSFÜHRER / ADRESSE / Land“ und „• / Postleitzahl“, „ANMELDER / ADRESSE / Land“ und „• / Postleitzahl“ sowie „SUBUNTERNEHMER / ADRESSE / Land“ und „• / Postleitzahl“ bzw. die aufgeschlüsselten Stammdaten zu den Datenfeldern „AUSFÜHRER / Identifikationsnummer“ und „• / Niederlassungsnummer“, „ANMELDER / Identifikationsnummer“ und „• / Niederlassungsnummer“ sowie „SUBUNTERNEHMER / Identifikationsnummer“ und „• / Niederlassungsnummer“), wenn die Bewilligung eine Zuständigkeitsprüfung nach Geschäftssitz oder Wirtschaftsgebiet ausweist.
• Das Datenfeld muss mit dem Datenfeld „AUSFUHRZOLLSTELLE / Referenznummer“ übereinstimmen, wenn die Bewilligung eine Zuständigkeitsprüfung nach Geschäftssitz oder Wirtschaftsgebiet ausweist, das Datenfeld „KOPF / Beteiligten-Konstellation“ mit einem der Werte „•••0“ [Ausführer beauftragt keinen Subunternehmer] angegeben wird und weder Ausführer noch Anmelder in Deutschland ansässig sind (geprüft über die Datenfelder „AUSFÜHRER / ADRESSE / Land“ sowie „ANMELDER / ADRESSE / Land“ bzw. die aufgeschlüsselten Stammdaten zu den Datenfeldern „AUSFÜHRER / Identifikationsnummer“ und „• / Niederlassungsnummer“ sowie „ANMELDER / Identifikationsnummer“ und „• / Niederlassungsnummer“).
• Das Datenfeld muss mit dem Datenfeld „AUSFUHRZOLLSTELLE / Referenznummer“ übereinstimmen, wenn die Bewilligung eine Identität der Dienststellen für die Abgabe von unvollständiger wie ergänzender/ersetzender Anmeldung fordert.
• Das Datenfeld muss eine Dienststelle bezeichnen, die in der Bewilligung ausgewiesen ist, wenn diese die Übereinstimmung mit einer solchen gelisteten Dienststelle fordert."
DEXPDF;"AUSFUHRZOLLSTELLE FÜR DIE ERGÄNZENDE/ERSETZENDE ANMELDUNG / Referenznummer";Prüfung;"Zuständigkeitsprüfung unter Auflagen einer durch ein Datenfeld „BEWILLIGUNG / Referenznummer“ in Anspruch genommenen Bewilligung SDE-PV:
Wenn das Datenfeld „KOPF / Art der Ausfuhranmeldung“ mit einem der Werte „0011131•“ angegeben wird, gilt:
• Das Datenfeld muss eine Dienststelle bezeichnen, in deren Zuständigkeitsbereich die Adresse des Anmelders liegt (geprüft über Codeliste I0610 mittels des Datenfeldes „ANMELDER / ADRESSE / Postleitzahl“ bzw. die aufgeschlüsselten Stammdaten zu den Datenfeldern „ANMELDER / Identifikationsnummer“ und „• / Niederlassungsnummer“, wenn die Bewilligung eine Zuständigkeitsprüfung nach Geschäftssitz oder Wirtschaftsgebiet ausweist.
• Das Datenfeld muss mit dem Datenfeld „AUSFUHRZOLLSTELLE / Referenznummer“ übereinstimmen, wenn die Bewilligung eine Zuständigkeitsprüfung nach Geschäftssitz oder Wirtschaftsgebiet ausweist und der Anmelder nicht in Deutschland ansässig ist (geprüft über das Datenfeld „ANMELDER / ADRESSE / Land“ bzw. die aufgeschlüsselten Stammdaten zu den Datenfeldern „ANMELDER / Identifikationsnummer“ und „• / Niederlassungsnummer“).
• Das Datenfeld muss mit dem Datenfeld „AUSFUHRZOLLSTELLE / Referenznummer“ übereinstimmen, wenn die Bewilligung eine Identität der Dienststellen für die Abgabe von unvollständiger wie ergänzender/ersetzender Anmeldung fordert.
• Das Datenfeld muss eine Dienststelle bezeichnen, die in der Bewilligung ausgewiesen ist, wenn diese die Übereinstimmung mit einer solchen gelisteten Dienststelle fordert."
DEXPDF;"AUSFUHRZOLLSTELLE FÜR DIE ERGÄNZENDE/ERSETZENDE ANMELDUNG / Referenznummer";Aufbau;"a2 Land „DE“ [Deutschland]
n2 zwei führende Ziffern „00“ oder „01“
n4 Dienststellennummer ATLAS"
DEXPDF;"AUSFUHRZOLLSTELLE FÜR DIE ERGÄNZENDE/ERSETZENDE ANMELDUNG / Referenznummer";Prüfmuster;"DE0[01][0-9]{4}"
DEXPDF;"VORGESEHENE AUSGANGSZOLLSTELLE";Bedingung;"Die Angabe der Datengruppe ist erforderlich und nur zulässig, wenn das Datenfeld „KOPF / Art der Ausfuhranmeldung“ mit einem der Werte „0•••••••“ [Reguläre Anmeldung] angegeben wird."
DEXPDF;"VORGESEHENE AUSGANGSZOLLSTELLE / Referenznummer";Prüfung;"Die Dienststellennummer muss mit dem Wert des Datenfeldes „AUSFUHRZOLLSTELLE / Referenznummer“ übereinstimmen, wenn das Datenfeld „KOPF / Art der Ausfuhranmeldung“ mit einem der Werte „•••••9••“ [Einstufiges Verfahren] angegeben wird."
DEXPDF;"VORGESEHENE AUSGANGSZOLLSTELLE / Referenznummer";Aufbau;"Deutsche Dienststellennummer:
a2 Land „DE“ [Deutschland]
n2 zwei führende Ziffern „00“
n4 Dienststellennummer ATLAS"
DEXPDF;"VORGESEHENE AUSGANGSZOLLSTELLE / Referenznummer";Aufbau;"Dienststellennummer anderer Mitgliedstaaten:
a2 Land (Codeliste C0010), ohne „DE“ [Deutschland]
an6 Nationale Dienststellennummer"
DEXPDF;"VORGESEHENE AUSGANGSZOLLSTELLE / Referenznummer";Prüfmuster;"[A-Z]{2}[A-Za-z0-9]{6}"
DEXPDF;"TATSÄCHLICHE AUSGANGSZOLLSTELLE";Bedingung;"Die Angabe der Datengruppe ist erforderlich und nur zulässig, wenn das Datenfeld „KOPF / Art der Ausfuhranmeldung“ mit einem der Werte „1•••••••“ [Rückwirkende/nachträgliche Anmeldung] angegeben wird."
DEXPDF;"TATSÄCHLICHE AUSGANGSZOLLSTELLE / Referenznummer";Aufbau;"Deutsche Dienststellennummer:
a2 Land „DE“ [Deutschland]
n2 zwei führende Ziffern „00“
n4 Dienststellennummer ATLAS"
DEXPDF;"TATSÄCHLICHE AUSGANGSZOLLSTELLE / Referenznummer";Aufbau;"Dienststellennummer anderer Mitgliedstaaten:
a2 Land (Codeliste C0010), ohne „DE“ [Deutschland]
an6 Nationale Dienststellennummer"
DEXPDF;"TATSÄCHLICHE AUSGANGSZOLLSTELLE / Referenznummer";Prüfmuster;"[A-Z]{2}[A-Za-z0-9]{6}"
DEXPDF;"ÜBERWACHUNGSZOLLSTELLE / Reference number";Prüfmuster;"[A-Z]{2}[A-Za-z0-9]{6}"
DEXPDF;"AUSSENWIRTSCHAFTSRECHTLICHER AUSFÜHRER";Bedingung;"Die Angabe der Datengruppe ist erforderlich und nur zulässig, wenn das Datenfeld „KOPF / Beteiligten-Konstellation“ mit einem der Werte „1•••“ [Außenwirtschaftsrechtlicher Ausführer ist nicht (zollrechtlicher) Ausführer] angegeben wird."
DEXPDF;"AUSSENWIRTSCHAFTSRECHTLICHER AUSFÜHRER / Identifikationsnummer";Bedingung;"Die Angabe des Datenfeldes ist erforderlich und nur zulässig, wenn das Datenfeld „Name“ und die Datengruppe „ADRESSE“ nicht angegeben werden."
DEXPDF;"AUSSENWIRTSCHAFTSRECHTLICHER AUSFÜHRER / Identifikationsnummer";Bedingung;"Die Angabe des Datenfeldes als EORI-Nummer ist erforderlich,
• wenn mindestens eine Kombination der Datenfelder „LIEFERUNG / WARENPOSITION / WARE / WARENNUMMER / Unterposition des Harmonisierten Systems“ und „• / Unterposition der Kombinierten Nomenklatur“ mit einem der Werte aus Codeliste I0139 angegeben wird;
• wenn mindestens eine Datengruppe „LIEFERUNG / WARENPOSITION / UNTERLAGE“ mit einem der Werte aus den Codelisten I0952 oder I0953 in den Datenfeldern „Art“ und ggf. „Qualifikator“ angegeben wird;
• wenn mindestens eine Datengruppe „LIEFERUNG / WARENPOSITION / UNTERLAGE“ mit dem Wert „3LLD+NB“ [Bescheinigung des Bundesamts für Wirtschaft und Ausfuhrkontrolle (BAFA), dass die Ausfuhr keiner Genehmigung bedarf] in den Datenfeldern „Art“ und „Qualifikator“ sowie ein Gültigkeitsbeginn in dem Datenfeld „Datum der Ausstellung“ zum oder nach dem Stichtag 02.03.2017 angegeben wird."
DEXPDF;"AUSSENWIRTSCHAFTSRECHTLICHER AUSFÜHRER / Identifikationsnummer";Prüfung;"Die angegebene Identifikationsnummer darf nicht dem Datenfeld „AUSFÜHRER / Identifikationsnummer“ entsprechen."
DEXPDF;"AUSSENWIRTSCHAFTSRECHTLICHER AUSFÜHRER / Identifikationsnummer";Beschränkung;"Verwendbare Nummernkreise:
• EORI-Nummer
• TCUI-Nummer"
DEXPDF;"AUSSENWIRTSCHAFTSRECHTLICHER AUSFÜHRER / Identifikationsnummer";Aufbau;"Deutsche EORI-Nummer aus Migration:
a2 Land „DE“ [Deutschland]
n7 Zollnummer"
DEXPDF;"AUSSENWIRTSCHAFTSRECHTLICHER AUSFÜHRER / Identifikationsnummer";Aufbau;"EORI-Nummer anderer Mitgliedstaaten oder deutsche EORI-Nummer aus Neuvergabe:
a2 Land (Codeliste C0010)
an..15 Nationale Identifikationsnummer"
DEXPDF;"AUSSENWIRTSCHAFTSRECHTLICHER AUSFÜHRER / Identifikationsnummer";Aufbau;"TCUI-Nummer:
a2 Land
an..15 Nationale oder von der EU zugeordnete Identifikationsnummer"
DEXPDF;"AUSSENWIRTSCHAFTSRECHTLICHER AUSFÜHRER / Identifikationsnummer";Prüfmuster;"[A-Z]{2}[\x21-\x7E]{1,15}"
DEXPDF;"AUSSENWIRTSCHAFTSRECHTLICHER AUSFÜHRER / Niederlassungsnummer";Bedingung;"Die Angabe des Datenfeldes ist erforderlich und nur zulässig, wenn das Datenfeld „Identifikationsnummer“ als EORI-Nummer angegeben wird."
DEXPDF;"AUSSENWIRTSCHAFTSRECHTLICHER AUSFÜHRER / Niederlassungsnummer";Prüfmuster;"[0-9]{4}"
DEXPDF;"AUSSENWIRTSCHAFTSRECHTLICHER AUSFÜHRER / Name";Bedingung;"Die Angabe des Datenfeldes ist erforderlich und nur zulässig, wenn das Datenfeld „Identifikationsnummer“ nicht angegeben wird."
DEXPDF;"AUSSENWIRTSCHAFTSRECHTLICHER AUSFÜHRER / Name";Prüfmuster;".{1,70}"
DEXPDF;"AUSSENWIRTSCHAFTSRECHTLICHER AUSFÜHRER / ADRESSE";Bedingung;"Die Angabe der Datengruppe ist erforderlich und nur zulässig, wenn das Datenfeld „Identifikationsnummer“ nicht angegeben wird."
DEXPDF;"AUSSENWIRTSCHAFTSRECHTLICHER AUSFÜHRER / ADRESSE / Straße und Hausnummer";Prüfmuster;".{1,70}"
DEXPDF;"AUSSENWIRTSCHAFTSRECHTLICHER AUSFÜHRER / ADRESSE / Postleitzahl";Bedingung;"Die Angabe des Datenfeldes ist erforderlich, wenn das Datenfeld „Land“ mit keinem der Werte aus Codeliste C0505 angegeben wird."
DEXPDF;"AUSSENWIRTSCHAFTSRECHTLICHER AUSFÜHRER / ADRESSE / Postleitzahl";Prüfung;"Die Verwendung eines exakt fünfstelligen, numerischen Wertes ist erforderlich, wenn das Datenfeld „Land“ mit dem Wert „DE“ [Deutschland] angegeben wird."
DEXPDF;"AUSSENWIRTSCHAFTSRECHTLICHER AUSFÜHRER / ADRESSE / Postleitzahl";Aufbau;"Deutsche Postleitzahl:
n5 5 Ziffern"
DEXPDF;"AUSSENWIRTSCHAFTSRECHTLICHER AUSFÜHRER / ADRESSE / Postleitzahl";Prüfmuster;".{1,17}"
DEXPDF;"AUSSENWIRTSCHAFTSRECHTLICHER AUSFÜHRER / ADRESSE / Ort";Prüfmuster;".{1,35}"
DEXPDF;"AUSSENWIRTSCHAFTSRECHTLICHER AUSFÜHRER / ADRESSE / Land";Prüfmuster;"[A-Z]{2}"
DEXPDF;"AUSFÜHRER";Bedingung;"Die Angabe der Datengruppe ist erforderlich und nur zulässig, wenn das Datenfeld „KOPF / Beteiligten-Konstellation“ mit einem der Werte „•1••“ [Ausführer lässt sich indirekt vertreten] angegeben wird."
DEXPDF;"AUSFÜHRER / Identifikationsnummer";Bedingung;"Die Angabe des Datenfeldes ist erforderlich und nur zulässig, wenn das Datenfeld „Name“ und die Datengruppe „ADRESSE“ nicht angegeben werden."
DEXPDF;"AUSFÜHRER / Identifikationsnummer";Bedingung;"Die Angabe des Datenfeldes ist erforderlich, wenn mindestens eine Kombination der Datenfelder „LIEFERUNG / WARENPOSITION / WARE / WARENNUMMER / Unterposition des Harmonisierten Systems“ und „• / Unterposition der Kombinierten Nomenklatur“ mit einem der Werte aus Codeliste I0139 angegeben wird."
DEXPDF;"AUSFÜHRER / Identifikationsnummer";Bedingung;"Die Angabe des Datenfeldes ist erforderlich, wenn mindestens eine der Datengruppen „LIEFERUNG / WARENPOSITION / UNTERLAGE“ und „• / SONSTIGER VERWEIS“ mit einem der Werte aus Codeliste I0971 in den Datenfeldern „Art“ und ggf. „Qualifikator“ respektive „Art“ und ggf. „Qualifikator“ angegeben wird."
DEXPDF;"AUSFÜHRER / Identifikationsnummer";Bedingung;"Die Angabe des Datenfeldes ist erforderlich, wenn das Datenfeld „KOPF / Beteiligten-Konstellation“ mit einem der Werte „0•••“ [Außenwirtschaftsrechtlicher Ausführer ist (zollrechtlicher) Ausführer] und mindestens eine Datengruppe „LIEFERUNG / WARENPOSITION / UNTERLAGE“ mit einem der Werte aus den Codelisten I0952 oder I0953 in den Datenfeldern „Art“ und ggf. „Qualifikator“ angegeben wird."
DEXPDF;"AUSFÜHRER / Identifikationsnummer";Bedingung;"Die Angabe des Datenfeldes ist erforderlich, wenn das Datenfeld „KOPF / Beteiligten-Konstellation“ mit einem der Werte „0•••“ [Außenwirtschaftsrechtlicher Ausführer ist (zollrechtlicher) Ausführer] und mindestens eine Datengruppe „LIEFERUNG / WARENPOSITION / UNTERLAGE“ mit dem Wert „3LLD+NB“ [Bescheinigung des Bundesamts für Wirtschaft und Ausfuhrkontrolle (BAFA), dass die Ausfuhr keiner Genehmigung bedarf] in den Datenfeldern „Art“ und „Qualifikator“ sowie ein Gültigkeitsbeginn in dem Datenfeld „Datum der Ausstellung“ zum oder nach dem Stichtag 02.03.2017 angegeben wird."
DEXPDF;"AUSFÜHRER / Identifikationsnummer";Prüfung;"Die angegebene Identifikationsnummer darf nicht dem Datenfeld „ANMELDER / Identifikationsnummer“ entsprechen."
DEXPDF;"AUSFÜHRER / Identifikationsnummer";Beschränkung;"Verwendbare Nummernkreise:
• EORI-Nummer"
DEXPDF;"AUSFÜHRER / Identifikationsnummer";Aufbau;"Deutsche EORI-Nummer aus Migration:
a2 Land „DE“ [Deutschland]
n7 Zollnummer"
DEXPDF;"AUSFÜHRER / Identifikationsnummer";Aufbau;"EORI-Nummer anderer Mitgliedstaaten oder deutsche EORI-Nummer aus Neuvergabe:
a2 Land (Codeliste C0010)
an..15 Nationale Identifikationsnummer"
DEXPDF;"AUSFÜHRER / Identifikationsnummer";Prüfmuster;"[A-Z]{2}[\x21-\x7E]{1,15}"
DEXPDF;"AUSFÜHRER / Niederlassungsnummer";Bedingung;"Die Angabe des Datenfeldes ist erforderlich und nur zulässig, wenn das Datenfeld „Identifikationsnummer“ angegeben wird."
DEXPDF;"AUSFÜHRER / Niederlassungsnummer";Prüfmuster;"[0-9]{4}"
DEXPDF;"AUSFÜHRER / Name";Bedingung;"Die Angabe des Datenfeldes ist erforderlich und nur zulässig, wenn das Datenfeld „Identifikationsnummer“ nicht angegeben wird."
DEXPDF;"AUSFÜHRER / Name";Prüfmuster;".{1,70}"
DEXPDF;"AUSFÜHRER / ADRESSE";Bedingung;"Die Angabe der Datengruppe ist erforderlich und nur zulässig, wenn das Datenfeld „Identifikationsnummer“ nicht angegeben wird."
DEXPDF;"AUSFÜHRER / ADRESSE / Straße und Hausnummer";Prüfmuster;".{1,70}"
DEXPDF;"AUSFÜHRER / ADRESSE / Postleitzahl";Bedingung;"Die Angabe des Datenfeldes ist erforderlich, wenn das Datenfeld „Land“ mit keinem der Werte aus Codeliste C0505 angegeben wird."
DEXPDF;"AUSFÜHRER / ADRESSE / Postleitzahl";Prüfung;"Die Verwendung eines exakt fünfstelligen, numerischen Wertes ist erforderlich, wenn das Datenfeld „Land“ mit dem Wert „DE“ [Deutschland] angegeben wird."
DEXPDF;"AUSFÜHRER / ADRESSE / Postleitzahl";Aufbau;"Deutsche Postleitzahl:
n5 5 Ziffern"
DEXPDF;"AUSFÜHRER / ADRESSE / Postleitzahl";Prüfmuster;".{1,17}"
DEXPDF;"AUSFÜHRER / ADRESSE / Ort";Prüfmuster;".{1,35}"
DEXPDF;"AUSFÜHRER / ADRESSE / Land";Prüfmuster;"[A-Z]{2}"
DEXPDF;"ANMELDER / Identifikationsnummer";Bedingung;"Die Angabe des Datenfeldes ist erforderlich und nur zulässig, wenn das Datenfeld „Name“ und die Datengruppe „ADRESSE“ nicht angegeben werden."
DEXPDF;"ANMELDER / Identifikationsnummer";Bedingung;"Die Angabe des Datenfeldes ist erforderlich, wenn das Datenfeld „KOPF / Beteiligten-Konstellation“ mit einem der Werte „••0•“ [Anmelder lässt sich nicht direkt vertreten] und das Datenfeld „KOPF / Art der Ausfuhranmeldung“ mit einem der Werte „••0•1•••“ [Vereinfachtes Verfahren SDE-Ausfuhr], „••2•1•••“ [Vereinfachtes Verfahren SDE-PV] oder „20000000“ [Monatliche Sammelanmeldung zum Vereinfachten Verfahren unter Verwendung einer Bewilligung EIR-Ausfuhr] angegeben wird."
DEXPDF;"ANMELDER / Identifikationsnummer";Bedingung;"Die Angabe des Datenfeldes ist erforderlich, wenn das Datenfeld „KOPF / Art der Ausfuhranmeldung“ mit einem der Werte „••11••••“ [Passive Veredelung unter Verwendung einer Bewilligung OPO-PV] angegeben wird."
DEXPDF;"ANMELDER / Identifikationsnummer";Bedingung;"Wenn das Datenfeld „KOPF / Beteiligten-Konstellation“ mit einem der Werte „•0••“ [Anmelder ist Ausführer] angegeben wird, gilt:
• Die Angabe des Datenfeldes ist erforderlich, wenn mindestens eine Kombination der Datenfelder „LIEFERUNG / WARENPOSITION / WARE / WARENNUMMER / Unterposition des Harmonisierten Systems“ und „• / Unterposition der Kombinierten Nomenklatur“ mit einem der Werte aus Codeliste I0139 angegeben wird.
• Die Angabe des Datenfeldes ist erforderlich, wenn mindestens eine der Datengruppen „LIEFERUNG / WARENPOSITION / UNTERLAGE“ und „• / SONSTIGER VERWEIS“ mit einem der Werte aus Codeliste I0971 in den Datenfeldern „Art“ und ggf. „Qualifikator“ respektive „Art“ und ggf. „Qualifikator“ angegeben wird.
• Die Angabe des Datenfeldes ist erforderlich, wenn mindestens eine Datengruppe „LIEFERUNG / WARENPOSITION / UNTERLAGE“ mit einem der Werte aus den Codelisten I0952 oder I0953 in den Datenfeldern „Art“ und ggf. „Qualifikator“ angegeben wird.
• Die Angabe des Datenfeldes ist erforderlich, wenn mindestens eine Datengruppe „LIEFERUNG / WARENPOSITION / UNTERLAGE“ mit dem Wert „3LLD+NB“ [Bescheinigung des Bundesamts für Wirtschaft und Ausfuhrkontrolle (BAFA), dass die Ausfuhr keiner Genehmigung bedarf] in den Datenfeldern „Art“ und „Qualifikator“ sowie ein Gültigkeitsbeginn in dem Datenfeld „Datum der Ausstellung“ zum oder nach dem Stichtag 02.03.2017 angegeben wird."
DEXPDF;"ANMELDER / Identifikationsnummer";Prüfung;"Der Anmelder muss mit seinem Hauptsitz in der EU, der Schweiz oder Liechtenstein ansässig sein, aushilfsweise mit einer ständigen Niederlassung in der EU."
DEXPDF;"ANMELDER / Identifikationsnummer";Prüfung;"Der Anmelder muss in der EU ansässig sein, wenn das Datenfeld „KOPF / Art der Ausfuhranmeldung“ mit einem der Werte „••1•••••“ [Zollrechtliche Passive Veredelung] angegeben wird."
DEXPDF;"ANMELDER / Identifikationsnummer";Beschränkung;"Verwendbare Nummernkreise:
• EORI-Nummer"
DEXPDF;"ANMELDER / Identifikationsnummer";Aufbau;"Deutsche EORI-Nummer aus Migration:
a2 Land „DE“ [Deutschland]
n7 Zollnummer"
DEXPDF;"ANMELDER / Identifikationsnummer";Aufbau;"EORI-Nummer anderer Mitgliedstaaten oder deutsche EORI-Nummer aus Neuvergabe:
a2 Land (Codeliste C0010)
an..15 Nationale Identifikationsnummer"
DEXPDF;"ANMELDER / Identifikationsnummer";Prüfmuster;"[A-Z]{2}[\x21-\x7E]{1,15}"
DEXPDF;"ANMELDER / Niederlassungsnummer";Bedingung;"Die Angabe des Datenfeldes ist erforderlich und nur zulässig, wenn das Datenfeld „Identifikationsnummer“ angegeben wird."
DEXPDF;"ANMELDER / Niederlassungsnummer";Prüfmuster;"[0-9]{4}"
DEXPDF;"ANMELDER / Name";Bedingung;"Die Angabe des Datenfeldes ist erforderlich und nur zulässig, wenn das Datenfeld „Identifikationsnummer“ nicht angegeben wird."
DEXPDF;"ANMELDER / Name";Prüfmuster;".{1,70}"
DEXPDF;"ANMELDER / ADRESSE";Bedingung;"Die Angabe der Datengruppe ist erforderlich und nur zulässig, wenn das Datenfeld „Identifikationsnummer“ nicht angegeben wird."
DEXPDF;"ANMELDER / ADRESSE / Straße und Hausnummer";Prüfmuster;".{1,70}"
DEXPDF;"ANMELDER / ADRESSE / Postleitzahl";Bedingung;"Die Angabe des Datenfeldes ist erforderlich, wenn das Datenfeld „Land“ mit keinem der Werte aus Codeliste C0505 angegeben wird."
DEXPDF;"ANMELDER / ADRESSE / Postleitzahl";Prüfung;"Die Verwendung eines exakt fünfstelligen, numerischen Wertes ist erforderlich, wenn das Datenfeld „Land“ mit dem Wert „DE“ [Deutschland] angegeben wird."
DEXPDF;"ANMELDER / ADRESSE / Postleitzahl";Aufbau;"Deutsche Postleitzahl:
n5 5 Ziffern"
DEXPDF;"ANMELDER / ADRESSE / Postleitzahl";Prüfmuster;".{1,17}"
DEXPDF;"ANMELDER / ADRESSE / Ort";Prüfmuster;".{1,35}"
DEXPDF;"ANMELDER / ADRESSE / Land";Prüfmuster;"[A-Z]{2}"
DEXPDF;"ANMELDER / ANSPRECHPARTNER";Bedingung;"Die Angabe der Datengruppe ist erforderlich, wenn das Datenfeld „KOPF / Beteiligten-Konstellation“ mit einem der Werte „••0•“ [Anmelder lässt sich nicht direkt vertreten] angegeben wird."
DEXPDF;"ANMELDER / ANSPRECHPARTNER / Name";Prüfmuster;".{1,70}"
DEXPDF;"ANMELDER / ANSPRECHPARTNER / Telefonnummer";Prüfmuster;".{1,35}"
DEXPDF;"ANMELDER / ANSPRECHPARTNER / E-Mail-Adresse";Prüfmuster;"(?=.{1,256}\Z)[A-Za-z0-9!#$%&'*+/=?
_`{|}~-]+(\.[A-Za-z0-9!#$%&'*+/=?
_`{|}~-]+)*@([A-Za-z0-9]([A-Za-z0-9-]*[A-Za-z0-9])?\.)+[A-Za-z0-9]([A-Za-z0-9-]*[A-Za-z0-9])?"
DEXPDF;"VERTRETER";Bedingung;"Die Angabe der Datengruppe ist erforderlich und nur zulässig, wenn das Datenfeld „KOPF / Beteiligten-Konstellation“ mit einem der Werte „••1•“ [Anmelder lässt sich direkt vertreten] angegeben wird."
DEXPDF;"VERTRETER / Identifikationsnummer";Prüfung;"Die angegebene Identifikationsnummer darf nicht dem Datenfeld „ANMELDER / Identifikationsnummer“ entsprechen."
DEXPDF;"VERTRETER / Identifikationsnummer";Prüfung;"Der Vertreter des Anmelders muss mit seinem Hauptsitz in der EU, der Schweiz oder Liechtenstein ansässig sein, aushilfsweise mit einer ständigen Niederlassung in der EU."
DEXPDF;"VERTRETER / Identifikationsnummer";Prüfung;"Der Vertreter des Anmelders muss in der EU ansässig sein, es sei denn,
• dass das Datenfeld „ANMELDER / ADRESSE / Land“ mit einem Land aus Codeliste C0207 angegeben wird;
• dass das Datenfeld „ANMELDER / Identifikationsnummer“ angegeben wird und diese EORI-Nummer in EOS als mit einer ständigen Niederlassung in der EU ansässig gekennzeichnet ist;
• dass das Datenfeld „ANMELDER / Identifikationsnummer“ angegeben wird und diese EORI-Nummer in EOS den Hauptsitz in der Schweiz oder in Liechtenstein ausweist."
DEXPDF;"VERTRETER / Identifikationsnummer";Beschränkung;"Verwendbare Nummernkreise:
• EORI-Nummer"
DEXPDF;"VERTRETER / Identifikationsnummer";Aufbau;"Deutsche EORI-Nummer aus Migration:
a2 Land „DE“ [Deutschland]
n7 Zollnummer"
DEXPDF;"VERTRETER / Identifikationsnummer";Aufbau;"EORI-Nummer anderer Mitgliedstaaten oder deutsche EORI-Nummer aus Neuvergabe:
a2 Land (Codeliste C0010)
an..15 Nationale Identifikationsnummer"
DEXPDF;"VERTRETER / Identifikationsnummer";Prüfmuster;"[A-Z]{2}[\x21-\x7E]{1,15}"
DEXPDF;"VERTRETER / Niederlassungsnummer";Prüfmuster;"[0-9]{4}"
DEXPDF;"VERTRETER / Status";Prüfmuster;"(2)"
DEXPDF;"VERTRETER / ANSPRECHPARTNER / Name";Prüfmuster;".{1,70}"
DEXPDF;"VERTRETER / ANSPRECHPARTNER / Telefonnummer";Prüfmuster;".{1,35}"
DEXPDF;"VERTRETER / ANSPRECHPARTNER / E-Mail-Adresse";Prüfmuster;"(?=.{1,256}\Z)[A-Za-z0-9!#$%&'*+/=?
_`{|}~-]+(\.[A-Za-z0-9!#$%&'*+/=?
_`{|}~-]+)*@([A-Za-z0-9]([A-Za-z0-9-]*[A-Za-z0-9])?\.)+[A-Za-z0-9]([A-Za-z0-9-]*[A-Za-z0-9])?"
DEXPDF;"SUBUNTERNEHMER";Bedingung;"Die Angabe der Datengruppe ist erforderlich und nur zulässig, wenn das Datenfeld „KOPF / Beteiligten-Konstellation“ mit einem der Werte „•••1“ [Ausführer beauftragt Subunternehmer] angegeben wird."
DEXPDF;"SUBUNTERNEHMER / Identifikationsnummer";Bedingung;"Die Angabe des Datenfeldes ist erforderlich und nur zulässig, wenn das Datenfeld „Name“ und die Datengruppe „ADRESSE“ nicht angegeben werden."
DEXPDF;"SUBUNTERNEHMER / Identifikationsnummer";Prüfung;"Die angegebene Identifikationsnummer darf nicht dem Datenfeld „AUSFÜHRER / Identifikationsnummer“ entsprechen, wenn das Datenfeld „KOPF / Beteiligten-Konstellation“ mit einem der Werte „•1•1“ [Ausführer lässt sich indirekt vertreten] angegeben wird."
DEXPDF;"SUBUNTERNEHMER / Identifikationsnummer";Prüfung;"Die angegebene Identifikationsnummer darf nicht dem Datenfeld „ANMELDER / Identifikationsnummer“ entsprechen, wenn das Datenfeld „KOPF / Beteiligten-Konstellation“ mit einem der Werte „•0•1“ [Anmelder ist Ausführer] angegeben wird."
DEXPDF;"SUBUNTERNEHMER / Identifikationsnummer";Beschränkung;"Verwendbare Nummernkreise:
• EORI-Nummer"
DEXPDF;"SUBUNTERNEHMER / Identifikationsnummer";Aufbau;"Deutsche EORI-Nummer aus Migration:
a2 Land „DE“ [Deutschland]
n7 Zollnummer"
DEXPDF;"SUBUNTERNEHMER / Identifikationsnummer";Aufbau;"EORI-Nummer anderer Mitgliedstaaten oder deutsche EORI-Nummer aus Neuvergabe:
a2 Land (Codeliste C0010)
an..15 Nationale Identifikationsnummer"
DEXPDF;"SUBUNTERNEHMER / Identifikationsnummer";Prüfmuster;"[A-Z]{2}[\x21-\x7E]{1,15}"
DEXPDF;"SUBUNTERNEHMER / Niederlassungsnummer";Bedingung;"Die Angabe des Datenfeldes ist erforderlich und nur zulässig, wenn das Datenfeld „Identifikationsnummer“ angegeben wird."
DEXPDF;"SUBUNTERNEHMER / Niederlassungsnummer";Prüfmuster;"[0-9]{4}"
DEXPDF;"SUBUNTERNEHMER / Name";Bedingung;"Die Angabe des Datenfeldes ist erforderlich und nur zulässig, wenn das Datenfeld „Identifikationsnummer“ nicht angegeben wird."
DEXPDF;"SUBUNTERNEHMER / Name";Prüfmuster;".{1,70}"
DEXPDF;"SUBUNTERNEHMER / ADRESSE";Bedingung;"Die Angabe der Datengruppe ist erforderlich und nur zulässig, wenn das Datenfeld „Identifikationsnummer“ nicht angegeben wird."
DEXPDF;"SUBUNTERNEHMER / ADRESSE / Straße und Hausnummer";Prüfmuster;".{1,70}"
DEXPDF;"SUBUNTERNEHMER / ADRESSE / Postleitzahl";Bedingung;"Die Angabe des Datenfeldes ist erforderlich, wenn das Datenfeld „Land“ mit keinem der Werte aus Codeliste C0505 angegeben wird."
DEXPDF;"SUBUNTERNEHMER / ADRESSE / Postleitzahl";Prüfung;"Die Verwendung eines exakt fünfstelligen, numerischen Wertes ist erforderlich, wenn das Datenfeld „Land“ mit dem Wert „DE“ [Deutschland] angegeben wird."
DEXPDF;"SUBUNTERNEHMER / ADRESSE / Postleitzahl";Aufbau;"Deutsche Postleitzahl:
n5 5 Ziffern"
DEXPDF;"SUBUNTERNEHMER / ADRESSE / Postleitzahl";Prüfmuster;".{1,17}"
DEXPDF;"SUBUNTERNEHMER / ADRESSE / Ort";Prüfmuster;".{1,35}"
DEXPDF;"SUBUNTERNEHMER / ADRESSE / Land";Prüfmuster;"[A-Z]{2}"
DEXPDF;"WÄHRUNGSUMRECHNUNG / Interne Währung";Prüfmuster;"[A-Z]{3}"
DEXPDF;"WÄHRUNGSUMRECHNUNG / Umrechnungskurs";Beschränkung;"0.00001 - 999999999999"
DEXPDF;"WÄHRUNGSUMRECHNUNG / Umrechnungskurs";Prüfmuster;"(?!0\.?0*\Z)(?=.{1,13}\Z)(0|[1-9][0-9]{0,11})(\.[0-9]{1,5})?"
DEXPDF;"ZAHLUNGSAUFSCHUB / Zahlungsaufschub";Prüfmuster;".{1,35}"
DEXPDF;"LIEFERUNG / Art des Geschäfts";Bedingung;"Die Angabe des Datenfeldes ist unzulässig, wenn mindestens ein Datenfeld „// WARENPOSITION / Art des Geschäfts“ angegeben wird."
DEXPDF;"LIEFERUNG / Art des Geschäfts";Bedingung;"Sofern vorgenanntes Kriterium nicht gegeben ist, gilt:"
DEXPDF;"LIEFERUNG / Art des Geschäfts";Bedingung;"Die Angabe des Datenfeldes ist erforderlich, wenn das Datenfeld „KOPF / Art der Ausfuhranmeldung“ mit einem der Werte „••••••0•“ [Vollständige Anmeldung] angegeben wird."
DEXPDF;"LIEFERUNG / Art des Geschäfts";Prüfung;"Wenn das Datenfeld „KOPF / Art der Ausfuhranmeldung“ mit einem der Werte „•••••4••“ [Zentrale Zollabwicklung] angegeben wird, gilt:
• Die Verwendung eines (bis zu zweistelligen) Wertes aus Codeliste C0091 ist erforderlich."
DEXPDF;"LIEFERUNG / Art des Geschäfts";Prüfung;"Sofern vorgenanntes Kriterium nicht gegeben ist, gilt:
• Die Verwendung eines (exakt zweistelligen) Wertes aus Codeliste A1150 ist erforderlich."
DEXPDF;"LIEFERUNG / Art des Geschäfts";Aufbau;"Geschäftsvorgang anderer Mitgliedstaaten:
n..2 Schlüsselnummer (Codeliste C0091)"
DEXPDF;"LIEFERUNG / Art des Geschäfts";Aufbau;"Deutscher Geschäftsvorgang:
n2 Schlüsselnummer (Codeliste A1150)"
DEXPDF;"LIEFERUNG / Art des Geschäfts";Prüfmuster;"([1-9][0-9]{0,1}|^[0-9]{2})"
DEXPDF;"LIEFERUNG / Ausfuhrland";Bedingung;"Die Angabe des Datenfeldes ist erforderlich, wenn das Datenfeld „KOPF / Art der Ausfuhranmeldung“ mit keinem der Werte „•••••9••“ [Einstufiges Verfahren] angegeben wird."
DEXPDF;"LIEFERUNG / Ausfuhrland";Bedingung;"Die Angabe des Datenfeldes ist erforderlich und nur zulässig, wenn kein Datenfeld „// WARENPOSITION / Ausfuhrland“ angegeben wird."
DEXPDF;"LIEFERUNG / Ausfuhrland";Prüfung;"Das Datenfeld muss mit dem Land des aufgeschlüsselten Warenortes übereinstimmen, wenn das Datenfeld „LIEFERUNG / SENDUNG / WARENORT / Zusätzliche Kennung“ angegeben wird."
DEXPDF;"LIEFERUNG / Ausfuhrland";Prüfung;"Das Datenfeld muss mit dem Land in den ersten beiden Stellen des Datenfeldes „GESTELLUNGSZOLLSTELLE / Referenznummer“ übereinstimmen, wenn das Datenfeld „KOPF / Art der Ausfuhranmeldung“ mit einem der Werte „•••••4••“ [Zentrale Zollabwicklung] angegeben wird."
DEXPDF;"LIEFERUNG / Ausfuhrland";Prüfung;"Die Verwendung des Wertes „DE“ [Deutschland] ist erforderlich, wenn das Datenfeld „KOPF / Art der Ausfuhranmeldung“ mit keinem der Werte „•••••4••“ [Zentrale Zollabwicklung] oder „•••••9••“ [Einstufiges Verfahren] angegeben wird."
DEXPDF;"LIEFERUNG / Ausfuhrland";Prüfmuster;"[A-Z]{2}"
DEXPDF;"LIEFERUNG / Bestimmungsland";Prüfung;"Die Verwendung eines der Werte aus Codeliste C0207 ist erforderlich, wenn das Datenfeld „KOPF / Art der Anmeldung“ mit dem Wert „EX“ [Ausfuhr oder Wiederausfuhr von Gütern außerhalb des Zollgebiets der Union] angegeben wird.
Die Verwendung eines der Werte aus Codeliste I0806 ist erforderlich, wenn das Datenfeld „KOPF / Art der Anmeldung“ mit dem Wert „CO“ [Handel von Unionsgütern zwischen Zollgebieten, welche nicht von den Verordnungen 2006/112/EC oder 2008/118/EC erfasst sind.] angegeben wird."
DEXPDF;"LIEFERUNG / Bestimmungsland";Prüfung;"Die Verwendung eines der Werte aus der jeweiligen Negativ-Länderliste ist unzulässig, wenn mindestens eine Datengruppe „// WARENPOSITION / UNTERLAGE“
• mit einem Wert aus Codeliste I0956 in den Datenfeldern „Art“ und „Qualifikator“ angegeben wird und bei Übereinstimmung der letzten beiden Ziffern (im Wert „A••“) des „Qualifikator“ und der systematischen Bezeichnung der Codeliste (I11••) eine solche auch existiert;
• mit einem Wert aus Codeliste I0957 in den Datenfeldern „Art“ und „Qualifikator“ angegeben wird und bei Übereinstimmung der letzten beiden Ziffern (im Wert „E••“) des „Qualifikator“ und der systematischen Bezeichnung der Codeliste (I13••) eine solche auch existiert."
DEXPDF;"LIEFERUNG / Bestimmungsland";Prüfung;"Die Verwendung eines der Werte aus der jeweiligen Positiv-Länderliste ist erforderlich, wenn mindestens eine Datengruppe „// WARENPOSITION / UNTERLAGE“
• mit einem Wert aus Codeliste I0956 in den Datenfeldern „Art“ und „Qualifikator“ angegeben wird und bei Übereinstimmung der letzten beiden Ziffern (im Wert „A••“) des „Qualifikator“ und der systematischen Bezeichnung der Codeliste (I12••) eine solche auch existiert und mindestens einen zeitlich gültigen Eintrag enthält;
• mit einem Wert aus Codeliste I0957 in den Datenfeldern „Art“ und „Qualifikator“ angegeben wird und bei Übereinstimmung der letzten beiden Ziffern (im Wert „E••“) des „Qualifikator“ und der systematischen Bezeichnung der Codeliste (I14••) eine solche auch existiert und mindestens einen zeitlich gültigen Eintrag enthält."
DEXPDF;"LIEFERUNG / Bestimmungsland";Prüfung;"Die Verwendung eines der Werte aus Codeliste I1470 ist erforderlich, wenn mindestens eine Datengruppe „// WARENPOSITION / UNTERLAGE“ mit dem Wert „C068“ [Allgemeine Genehmigung der Union EU GEA 2019/125 gemäß Artikel 20 i.V.m. Anhang IV der Anti-Folter-VO (EU) 2019/125] in dem Datenfeld „Art“ angegeben wird."
DEXPDF;"LIEFERUNG / Bestimmungsland";Prüfung;"Die Verwendung eines der Werte „QQ“ [Schiffs- und Luftfahrzeugbedarf], „QR“ [Schiffs- u. Luftfahrzeugbedarf (EU)] und „QS“ [Schiffs- u. Luftfzbedarf(Drittland)] ist nur zulässig, wenn zu allen Datengruppen „WARENPOSITION“ das Datenfeld „// VERFAHREN / ZUSÄTZLICHES VERFAHREN / Zusätzliches Verfahren“ mit dem Wert „F61“ [Sonstige: Bevorratung und Bebunkerung] angegeben wird."
DEXPDF;"LIEFERUNG / Bestimmungsland";Prüfung;"Die Verwendung eines der Werte „QU“ [Nicht erm. Länder und Gebiete], „QV“ [Nicht erm. Länder und Gebiete (EU)] und „QP“ [Hohe See] ist nur zulässig, wenn zu allen Datengruppen „WARENPOSITION“ das Datenfeld „// VERFAHREN / ZUSÄTZLICHES VERFAHREN / Zusätzliches Verfahren“ mit einem der Werte „F61“ [Sonstige: Bevorratung und Bebunkerung] oder „6F0“ [Lieferung/Errichtung von Windenergieanlagen] angegeben wird."
DEXPDF;"LIEFERUNG / Bestimmungsland";Prüfung;"Die Verwendung des Wertes „QZ“ [Aus wirtschaftlichen oder militärischen Gründen im Rahmen des Warenverkehrs außerhalb der Union nicht spezifizierte Länder und Gebiete] ist nur zulässig, wenn zu allen Datengruppen „WARENPOSITION“ mindestens je eine Datengruppe „UNTERLAGE“ mit einem der Werte aus Codeliste I0965 in den Datenfeldern „Art“ und ggf. „Qualifikator“ angegeben wird."
DEXPDF;"LIEFERUNG / Bestimmungsland";Prüfung;"Das Bestimmungsland muss in der durch ein Datenfeld „BEWILLIGUNG / Referenznummer“ in Anspruch genommenen Bewilligung gelistet sein, wenn das Datenfeld „KOPF / Art der Ausfuhranmeldung“ mit einem der Werte „••11••••“ [Passive Veredelung unter Verwendung einer Bewilligung OPO-PV] angegeben wird."
DEXPDF;"LIEFERUNG / Bestimmungsland";Prüfmuster;"[A-Z]{2}"
DEXPDF;"LIEFERUNG / LIEFERKETTEN-BETEILIGTER / Sequenznummer";Prüfung;"Die Nummern dieser Datengruppen müssen lückenlos aufsteigend angegeben werden, beginnend mit „1“."
DEXPDF;"LIEFERUNG / LIEFERKETTEN-BETEILIGTER / Sequenznummer";Beschränkung;"1 - 99"
DEXPDF;"LIEFERUNG / LIEFERKETTEN-BETEILIGTER / Sequenznummer";Prüfmuster;"[1-9][0-9]{0,1}"
DEXPDF;"LIEFERUNG / LIEFERKETTEN-BETEILIGTER / Funktion";Prüfmuster;"[A-Z]{1,3}"
DEXPDF;"LIEFERUNG / LIEFERKETTEN-BETEILIGTER / Identifikationsnummer";Beschränkung;"Verwendbare Nummernkreise:
• EORI-Nummer
• TCUI-Nummer"
DEXPDF;"LIEFERUNG / LIEFERKETTEN-BETEILIGTER / Identifikationsnummer";Aufbau;"Deutsche EORI-Nummer aus Migration:
a2 Land „DE“ [Deutschland]
n7 Zollnummer"
DEXPDF;"LIEFERUNG / LIEFERKETTEN-BETEILIGTER / Identifikationsnummer";Aufbau;"EORI-Nummer anderer Mitgliedstaaten oder deutsche EORI-Nummer aus Neuvergabe:
a2 Land (Codeliste C0010)
an..15 Nationale Identifikationsnummer"
DEXPDF;"LIEFERUNG / LIEFERKETTEN-BETEILIGTER / Identifikationsnummer";Aufbau;"TCUI-Nummer:
a2 Land
an..15 Nationale oder von der EU zugeordnete Identifikationsnummer"
DEXPDF;"LIEFERUNG / LIEFERKETTEN-BETEILIGTER / Identifikationsnummer";Prüfmuster;"[A-Z]{2}[\x21-\x7E]{1,15}"
DEXPDF;"LIEFERUNG / LIEFERBEDINGUNGEN";Bedingung;"Die Angabe der Datengruppe ist erforderlich, wenn das Datenfeld „KOPF / Art der Ausfuhranmeldung“ mit einem der Werte „••••••0•“ [Vollständige Anmeldung] angegeben wird."
DEXPDF;"LIEFERUNG / LIEFERBEDINGUNGEN / INCOTERMS-Code";Prüfmuster;"[A-Z]{3}"
DEXPDF;"LIEFERUNG / LIEFERBEDINGUNGEN / UN/LOCODE";Bedingung;"Die Angabe des Datenfeldes ist erforderlich, wenn das Datenfeld „INCOTERMS-Code“ mit einem Wert ungleich „XXX“ [Andere Lieferbedingung als vorstehend angegeben], nicht jedoch die Datenfelder „Ort“ und „Land“ angegeben werden."
DEXPDF;"LIEFERUNG / LIEFERBEDINGUNGEN / UN/LOCODE";Prüfmuster;".{1,17}"
DEXPDF;"LIEFERUNG / LIEFERBEDINGUNGEN / Ort";Bedingung;"Die Angabe des Datenfeldes ist erforderlich, wenn das Datenfeld „INCOTERMS-Code“ mit einem Wert ungleich „XXX“ [Andere Lieferbedingung als vorstehend angegeben], nicht jedoch das Datenfeld „UN/LOCODE“ angegeben wird."
DEXPDF;"LIEFERUNG / LIEFERBEDINGUNGEN / Ort";Prüfmuster;".{1,35}"
DEXPDF;"LIEFERUNG / LIEFERBEDINGUNGEN / Land";Bedingung;"Die Angabe des Datenfeldes ist erforderlich, wenn das Datenfeld „INCOTERMS-Code“ mit einem Wert ungleich „XXX“ [Andere Lieferbedingung als vorstehend angegeben], nicht jedoch das Datenfeld „UN/LOCODE“ angegeben wird."
DEXPDF;"LIEFERUNG / LIEFERBEDINGUNGEN / Land";Prüfmuster;"[A-Z]{2}"
DEXPDF;"LIEFERUNG / LIEFERBEDINGUNGEN / Text";Bedingung;"Die Angabe des Datenfeldes ist erforderlich und nur zulässig, wenn das Datenfeld „INCOTERMS-Code“ mit dem Wert „XXX“ [Andere Lieferbedingung als vorstehend angegeben] angegeben wird."
DEXPDF;"LIEFERUNG / LIEFERBEDINGUNGEN / Text";Prüfmuster;".{1,512}"
DEXPDF;"LIEFERUNG / LAGER / Art";Prüfmuster;"[A-Z]"
DEXPDF;"LIEFERUNG / LAGER / Kennnummer";Prüfmuster;".{1,35}"
DEXPDF;"LIEFERUNG / PASSIVE VEREDELUNG";Bedingung;"Die Angabe der Datengruppe ist erforderlich und nur zulässig, wenn das Datenfeld „KOPF / Art der Ausfuhranmeldung“ mit einem der Werte „••1•••••“ [Zollrechtliche Passive Veredelung] angegeben wird."
DEXPDF;"LIEFERUNG / PASSIVE VEREDELUNG / WIEDEREINFUHR / Sequenznummer";Prüfung;"Die Nummern dieser Datengruppen müssen lückenlos aufsteigend angegeben werden, beginnend mit „1“."
DEXPDF;"LIEFERUNG / PASSIVE VEREDELUNG / WIEDEREINFUHR / Sequenznummer";Beschränkung;"1 - 99"
DEXPDF;"LIEFERUNG / PASSIVE VEREDELUNG / WIEDEREINFUHR / Sequenznummer";Prüfmuster;"[1-9][0-9]{0,1}"
DEXPDF;"LIEFERUNG / PASSIVE VEREDELUNG / WIEDEREINFUHR / Land";Prüfung;"Jeder zulässige Wert darf nur in einer Datengruppe „WIEDEREINFUHR“ verwendet werden."
DEXPDF;"LIEFERUNG / PASSIVE VEREDELUNG / WIEDEREINFUHR / Land";Prüfung;"Das Datenfeld muss ein Land bezeichnen, das entweder in den ersten beiden Stellen mit einer der Dienststellen oder aber namentlich mit einem der Länder übereinstimmt, die jeweils in Feld 11 der durch ein Datenfeld „BEWILLIGUNG / Referenznummer“ in Anspruch genommenen Bewilligung ausgewiesen sind, wenn das Datenfeld „KOPF / Art der Ausfuhranmeldung“ mit einem der Werte „••11••••“ [Passive Veredelung unter Verwendung einer Bewilligung OPO-PV] angegeben wird."
DEXPDF;"LIEFERUNG / PASSIVE VEREDELUNG / WIEDEREINFUHR / Land";Prüfung;"Die Verwendung des Wertes „DE“ [Deutschland] ist erforderlich, wenn das Datenfeld „KOPF / Art der Ausfuhranmeldung“ mit einem der Werte „••12••••“ [Zollrechtliche Passive Veredelung mit Antrag auf eine vereinfacht zu erteilende PV-Bewilligung] angegeben wird."
DEXPDF;"LIEFERUNG / PASSIVE VEREDELUNG / WIEDEREINFUHR / Land";Prüfmuster;"[A-Z]{2}"
DEXPDF;"LIEFERUNG / PASSIVE VEREDELUNG / NÄMLICHKEITSMITTEL / Sequenznummer";Prüfung;"Die Nummern dieser Datengruppen müssen lückenlos aufsteigend angegeben werden, beginnend mit „1“."
DEXPDF;"LIEFERUNG / PASSIVE VEREDELUNG / NÄMLICHKEITSMITTEL / Sequenznummer";Beschränkung;"1 - 7"
DEXPDF;"LIEFERUNG / PASSIVE VEREDELUNG / NÄMLICHKEITSMITTEL / Sequenznummer";Prüfmuster;"[1-7]"
DEXPDF;"LIEFERUNG / PASSIVE VEREDELUNG / NÄMLICHKEITSMITTEL / Art";Prüfung;"Jeder zulässige Wert darf nur in einer Datengruppe „NÄMLICHKEITSMITTEL“ verwendet werden."
DEXPDF;"LIEFERUNG / PASSIVE VEREDELUNG / NÄMLICHKEITSMITTEL / Art";Prüfung;"Die Verwendung des Wertes „O“ [ohne] ist unzulässig,
• wenn mindestens eines der Datenfelder „// WARENPOSITION / PASSIVE VEREDELUNG / Standardaustausch/Ersatzwarenverkehr“ mit dem Wert „0“ [Nein] angegeben wird;
• wenn mehr als eine Datengruppe „NÄMLICHKEITSMITTEL“ angegeben wird."
DEXPDF;"LIEFERUNG / PASSIVE VEREDELUNG / NÄMLICHKEITSMITTEL / Art";Prüfmuster;"[A-Z]"
DEXPDF;"LIEFERUNG / PASSIVE VEREDELUNG / NÄMLICHKEITSMITTEL / Textliche Beschreibung";Bedingung;"Die Angabe des Datenfeldes ist erforderlich, wenn das Datenfeld „Art“ mit dem Wert „S“ [Sonstiges] angegeben wird."
DEXPDF;"LIEFERUNG / PASSIVE VEREDELUNG / NÄMLICHKEITSMITTEL / Textliche Beschreibung";Prüfmuster;".{1,350}"
DEXPDF;"LIEFERUNG / PASSIVE VEREDELUNG / ERZEUGNIS";Bedingung;"Die Angabe der Datengruppe ist erforderlich, wenn das Datenfeld „KOPF / Art der Ausfuhranmeldung“ mit einem der Werte „••12••••“ [Zollrechtliche Passive Veredelung mit Antrag auf eine vereinfacht zu erteilende PV-Bewilligung] angegeben wird."
DEXPDF;"LIEFERUNG / PASSIVE VEREDELUNG / ERZEUGNIS / Sequenznummer";Prüfung;"Die Nummern dieser Datengruppen müssen lückenlos aufsteigend angegeben werden, beginnend mit „1“."
DEXPDF;"LIEFERUNG / PASSIVE VEREDELUNG / ERZEUGNIS / Sequenznummer";Beschränkung;"1 - 999"
DEXPDF;"LIEFERUNG / PASSIVE VEREDELUNG / ERZEUGNIS / Sequenznummer";Prüfmuster;"[1-9][0-9]{0,2}"
DEXPDF;"LIEFERUNG / PASSIVE VEREDELUNG / ERZEUGNIS / WARE / Warenbezeichnung";Prüfmuster;".{1,512}"
DEXPDF;"LIEFERUNG / PASSIVE VEREDELUNG / ERZEUGNIS / WARE / WARENNUMMER / Unterposition des Harmonisierten Systems";Prüfmuster;"[0-9]{6}"
DEXPDF;"LIEFERUNG / PASSIVE VEREDELUNG / ERZEUGNIS / WARE / WARENNUMMER / Unterposition der Kombinierten Nomenklatur";Prüfmuster;"[0-9]{2}"
DEXPDF;"LIEFERUNG / VORPAPIER";Bedingung;"Rückwirkende Anmeldungen:
• Die Angabe einer Datengruppe mit dem Wert „9DFE“ [Referenz auf die Buchführung des Ausführers zur Feststellung der ausgeführten Waren / Referenz auf die MRN, mit der die Waren ausgeführt wurden] in dem Datenfeld „Art“ zu der Referenz auf ein Dokument, mit dem man in der Buchführung des Ausführers Art und Umfang der ausgeführten Waren nachvollziehen kann, ist erforderlich, wenn das Datenfeld „KOPF / Art der Ausfuhranmeldung“ mit einem der Werte „100•••••“ [Rückwirkende Ausfuhranmeldung ohne PV] oder „102•••••“ [Rückwirkende Ausfuhranmeldung als wirtschaftliche PV] angegeben wird.
• Die Angabe genau einer Datengruppe mit dem Wert „N955“ [Carnet ATA] in dem Datenfeld „Art“ ist erforderlich, wenn das Datenfeld „KOPF / Art der Ausfuhranmeldung“ mit dem Wert „13000000“ [Rückwirkende Ausfuhranmeldung nach Carnet ATA ohne Wiedereinfuhr] angegeben wird."
DEXPDF;"LIEFERUNG / VORPAPIER";Bedingung;"Nachträgliche Anmeldungen:
• Die Angabe genau einer Datengruppe mit dem Wert „N830“ [Ausfuhranmeldung] in dem Datenfeld „Art“ zur Referenzierung des zu entwertenden Ausfuhrvorgangs ist erforderlich, wenn das Datenfeld „KOPF / Art der Ausfuhranmeldung“ mit einem der Werte „11••••••“ [Nachträgliche Ausfuhranmeldung zur Korrektur] angegeben wird.
• Die Angabe genau einer Datengruppe mit dem Wert „N830“ [Ausfuhranmeldung] in dem Datenfeld „Art“ zur Referenzierung des im Papierverfahren abgefertigten Ausfuhrvorgangs ist erforderlich, wenn das Datenfeld „KOPF / Art der Ausfuhranmeldung“ mit einem der Werte „12••••••“ [Nachträgliche Ausfuhranmeldung aus dem Notfallverfahren] angegeben wird."
DEXPDF;"LIEFERUNG / VORPAPIER / Sequenznummer";Prüfung;"Die Nummern dieser Datengruppen müssen lückenlos aufsteigend angegeben werden, beginnend mit „1“."
DEXPDF;"LIEFERUNG / VORPAPIER / Sequenznummer";Beschränkung;"1 - 99"
DEXPDF;"LIEFERUNG / VORPAPIER / Sequenznummer";Prüfmuster;"[1-9][0-9]{0,1}"
DEXPDF;"LIEFERUNG / VORPAPIER / Art";Prüfung;"Die Vorpapierarten „9ZZX“ [Sonstige Unterlagen ZELOS (Original)] und „9ZZY“ [Sonstige Unterlagen ZELOS (Kopie)] sind nicht anmeldbar."
DEXPDF;"LIEFERUNG / VORPAPIER / Art";Aufbau;"TARIC-Codierung mit Ziffern:
a1 Großbuchstabe
n3 Ziffern"
DEXPDF;"LIEFERUNG / VORPAPIER / Art";Aufbau;"TARIC-Codierung mit Buchstaben:
a1 Großbuchstabe
a3 Großbuchstaben"
DEXPDF;"LIEFERUNG / VORPAPIER / Art";Aufbau;"Nationale Codierung:
n1 Ziffer
a3 Großbuchstaben"
DEXPDF;"LIEFERUNG / VORPAPIER / Art";Prüfmuster;"([A-Z][0-9]{3}|^[A-Z][A-Z]{3}|^[0-9][A-Z]{3})"
DEXPDF;"LIEFERUNG / VORPAPIER / Qualifikator";Bedingung;"Die Angabe des Datenfeldes ist erforderlich, wenn die Codeliste zu dem im Datenfeld „Art“ angegebenen Wert eine Qualifikation verlangt."
DEXPDF;"LIEFERUNG / VORPAPIER / Qualifikator";Bedingung;"Die Angabe des Datenfeldes ist nur zulässig, wenn die Codeliste zu dem im Datenfeld „Art“ angegebenen Wert eine Qualifikation erlaubt."
DEXPDF;"LIEFERUNG / VORPAPIER / Qualifikator";Prüfmuster;".{1,3}"
DEXPDF;"LIEFERUNG / VORPAPIER / Referenznummer";Bedingung;"Die Angabe des Datenfeldes ist erforderlich, wenn bei den ergänzenden Angaben der Codeliste I0931 die Referenz zu der in den Datenfeldern „Art“ und ggf. „Qualifikator“ angegebenen Codierung mit dem Status „R“ [Pflicht-Datenfeld] ausgewiesen ist."
DEXPDF;"LIEFERUNG / VORPAPIER / Referenznummer";Bedingung;"Die Angabe des Datenfeldes ist unzulässig, wenn bei den ergänzenden Angaben der Codeliste I0931 die Referenz zu der in den Datenfeldern „Art“ und ggf. „Qualifikator“ angegebenen Codierung mit dem Status „N“ [Gesperrtes Datenfeld] ausgewiesen ist."
DEXPDF;"LIEFERUNG / VORPAPIER / Referenznummer";Prüfung;"Die Verwendung eines Wertes im Format an18 mit der gültigen MRN eines erledigten/geschlossenen und noch nicht bereits früher durch eine andere nachträgliche Ausfuhranmeldung entwerteten Vorgangs von ATLAS/Ausfuhr ist erforderlich, wenn das Datenfeld „Art“ mit dem Wert „N830“ [Ausfuhranmeldung] und das Datenfeld „KOPF / Art der Ausfuhranmeldung“ mit einem der Werte „11••••••“ [Nachträgliche Ausfuhranmeldung zur Korrektur] angegeben wird."
DEXPDF;"LIEFERUNG / VORPAPIER / Referenznummer";Aufbau;"MRN von ATLAS/Ausfuhr nach UZK:
n2 Jahr (00-99)
a2 Land „DE“ [Deutschland]
n4 Dienststellennummer ATLAS
n8 Nummer
a1 Verfahrenskennung „A“ [Nur Ausfuhr], „B“ [Ausfuhranmeldung und summarische Ausgangsanmeldung] oder „E“ [Versendung von Waren im Rahmen des Handels mit steuerlichen Sondergebieten]
n1 Prüfziffer"
DEXPDF;"LIEFERUNG / VORPAPIER / Referenznummer";Prüfmuster;".{1,70}"
DEXPDF;"LIEFERUNG / UNTERLAGE / Sequenznummer";Prüfung;"Die Nummern dieser Datengruppen müssen lückenlos aufsteigend angegeben werden, beginnend mit „1“."
DEXPDF;"LIEFERUNG / UNTERLAGE / Sequenznummer";Beschränkung;"1 - 99"
DEXPDF;"LIEFERUNG / UNTERLAGE / Sequenznummer";Prüfmuster;"[1-9][0-9]{0,1}"
DEXPDF;"LIEFERUNG / UNTERLAGE / Art";Prüfung;"Die Unterlagenarten „9ZZX“ [Sonstige Unterlagen ZELOS (Original)] und „9ZZY“ [Sonstige Unterlagen ZELOS (Kopie)] sind nicht anmeldbar."
DEXPDF;"LIEFERUNG / UNTERLAGE / Art";Prüfung;"Die Unterlagenarten „C612“ [Versandanmeldung T2F], „N820“ [Versandanmeldung T], „N821“ [Versandanmeldung T1], „N822“ [Versandanmeldung T2] und „N952“ [Carnet TIR] sind nicht anmeldbar aufgrund ihrer ausschließlich systemseitigen Erzeugung bei entsprechender Versandweiterleitung."
DEXPDF;"LIEFERUNG / UNTERLAGE / Art";Aufbau;"TARIC-Codierung mit Ziffern:
a1 Großbuchstabe
n3 Ziffern"
DEXPDF;"LIEFERUNG / UNTERLAGE / Art";Aufbau;"TARIC-Codierung mit Buchstaben:
a1 Großbuchstabe
a3 Großbuchstaben"
DEXPDF;"LIEFERUNG / UNTERLAGE / Art";Aufbau;"Nationale Codierung:
n1 Ziffer
a3 Großbuchstaben"
DEXPDF;"LIEFERUNG / UNTERLAGE / Art";Prüfmuster;"([A-Z][0-9]{3}|^[A-Z][A-Z]{3}|^[0-9][A-Z]{3})"
DEXPDF;"LIEFERUNG / UNTERLAGE / Qualifikator";Bedingung;"Die Angabe des Datenfeldes ist erforderlich, wenn die Codeliste zu dem im Datenfeld „Art“ angegebenen Wert eine Qualifikation verlangt."
DEXPDF;"LIEFERUNG / UNTERLAGE / Qualifikator";Bedingung;"Die Angabe des Datenfeldes ist nur zulässig, wenn die Codeliste zu dem im Datenfeld „Art“ angegebenen Wert eine Qualifikation erlaubt."
DEXPDF;"LIEFERUNG / UNTERLAGE / Qualifikator";Prüfmuster;".{1,3}"
DEXPDF;"LIEFERUNG / UNTERLAGE / Referenznummer";Bedingung;"Die Angabe des Datenfeldes ist erforderlich, wenn bei den ergänzenden Angaben der Codeliste I0921 die Referenz zu der in den Datenfeldern „Art“ und ggf. „Qualifikator“ angegebenen Codierung mit dem Status „R“ [Pflicht-Datenfeld] ausgewiesen ist."
DEXPDF;"LIEFERUNG / UNTERLAGE / Referenznummer";Bedingung;"Die Angabe des Datenfeldes ist unzulässig, wenn bei den ergänzenden Angaben der Codeliste I0921 die Referenz zu der in den Datenfeldern „Art“ und ggf. „Qualifikator“ angegebenen Codierung mit dem Status „N“ [Gesperrtes Datenfeld] ausgewiesen ist."
DEXPDF;"LIEFERUNG / UNTERLAGE / Referenznummer";Prüfmuster;".{1,70}"
DEXPDF;"LIEFERUNG / UNTERLAGE / Zeilen-/Positionsnummer im Dokument";Bedingung;"Die Angabe des Datenfeldes ist erforderlich, wenn bei den ergänzenden Angaben der Codeliste I0921 der Eintrag zu der in den Datenfeldern „Art“ und ggf. „Qualifikator“ angegebenen Codierung mit dem Status „R“ [Pflicht-Datenfeld] ausgewiesen ist."
DEXPDF;"LIEFERUNG / UNTERLAGE / Zeilen-/Positionsnummer im Dokument";Bedingung;"Die Angabe des Datenfeldes ist unzulässig, wenn bei den ergänzenden Angaben der Codeliste I0921 der Eintrag zu der in den Datenfeldern „Art“ und ggf. „Qualifikator“ angegebenen Codierung mit dem Status „N“ [Gesperrtes Datenfeld] ausgewiesen ist."
DEXPDF;"LIEFERUNG / UNTERLAGE / Zeilen-/Positionsnummer im Dokument";Beschränkung;"1 - 99999"
DEXPDF;"LIEFERUNG / UNTERLAGE / Zeilen-/Positionsnummer im Dokument";Prüfmuster;"[1-9][0-9]{0,4}"
DEXPDF;"LIEFERUNG / UNTERLAGE / Name der ausstellenden Behörde";Bedingung;"Die Angabe des Datenfeldes ist erforderlich, wenn bei den ergänzenden Angaben der Codeliste I0921 die Behörde zu der in den Datenfeldern „Art“ und ggf. „Qualifikator“ angegebenen Codierung mit dem Status „R“ [Pflicht-Datenfeld] ausgewiesen ist."
DEXPDF;"LIEFERUNG / UNTERLAGE / Name der ausstellenden Behörde";Bedingung;"Die Angabe des Datenfeldes ist unzulässig, wenn bei den ergänzenden Angaben der Codeliste I0921 die Behörde zu der in den Datenfeldern „Art“ und ggf. „Qualifikator“ angegebenen Codierung mit dem Status „N“ [Gesperrtes Datenfeld] ausgewiesen ist."
DEXPDF;"LIEFERUNG / UNTERLAGE / Name der ausstellenden Behörde";Prüfmuster;".{1,70}"
DEXPDF;"LIEFERUNG / UNTERLAGE / Datum der Ausstellung";Bedingung;"Die Angabe des Datenfeldes ist erforderlich, wenn bei den ergänzenden Angaben der Codeliste I0921 das Datum der Ausstellung zu der in den Datenfeldern „Art“ und ggf. „Qualifikator“ angegebenen Codierung mit dem Status „R“ [Pflicht-Datenfeld] ausgewiesen ist."
DEXPDF;"LIEFERUNG / UNTERLAGE / Datum der Ausstellung";Bedingung;"Die Angabe des Datenfeldes ist unzulässig, wenn bei den ergänzenden Angaben der Codeliste I0921 das Datum der Ausstellung zu der in den Datenfeldern „Art“ und ggf. „Qualifikator“ angegebenen Codierung mit dem Status „N“ [Gesperrtes Datenfeld] ausgewiesen ist."
DEXPDF;"LIEFERUNG / UNTERLAGE / Datum der Ausstellung";Prüfung;"Das Datum der Ausstellung darf nicht in der Zukunft liegen."
DEXPDF;"LIEFERUNG / UNTERLAGE / Datum der Ausstellung";Prüfung;"Das Datum der Ausstellung darf nicht nach dem etwaig anzugebenden Datum des Gültigkeitsendes liegen."
DEXPDF;"LIEFERUNG / UNTERLAGE / Datum der Ausstellung";Beschränkung;"01.01.1900 - 31.12.2099"
DEXPDF;"LIEFERUNG / UNTERLAGE / Datum der Ausstellung";Aufbau;"n2 Jahrhundert (19-20)
n2 Jahr (00-99)
  Trennzeichen („-“)
n2 Monat (01-12)
  Trennzeichen („-“)
n2 Tag (01-31)"
DEXPDF;"LIEFERUNG / UNTERLAGE / Datum der Ausstellung";Prüfmuster;"(?!....-(02|04|06|09|11)-31|....-02-30|(..(.[13579]|[02468][26]|[13579][048])|1900)-02-29)
((19|20)[0-9][0-9])-(0[1-9]|1[0-2])-(0[1-9]|[12][0-9]|3[01])"
DEXPDF;"LIEFERUNG / UNTERLAGE / Gültigkeitsdatum";Bedingung;"Die Angabe des Datenfeldes ist erforderlich, wenn bei den ergänzenden Angaben der Codeliste I0921 das Datum des Gültigkeitsendes zu der in den Datenfeldern „Art“ und ggf. „Qualifikator“ angegebenen Codierung mit dem Status „R“ [Pflicht-Datenfeld] ausgewiesen ist."
DEXPDF;"LIEFERUNG / UNTERLAGE / Gültigkeitsdatum";Bedingung;"Die Angabe des Datenfeldes ist unzulässig, wenn bei den ergänzenden Angaben der Codeliste I0921 das Datum des Gültigkeitsendes zu der in den Datenfeldern „Art“ und ggf. „Qualifikator“ angegebenen Codierung mit dem Status „N“ [Gesperrtes Datenfeld] ausgewiesen ist."
DEXPDF;"LIEFERUNG / UNTERLAGE / Gültigkeitsdatum";Prüfung;"Das Datum des Gültigkeitsendes darf nicht vor dem Datum der Ausstellung liegen."
DEXPDF;"LIEFERUNG / UNTERLAGE / Gültigkeitsdatum";Beschränkung;"01.01.2000 - 31.12.2099"
DEXPDF;"LIEFERUNG / UNTERLAGE / Gültigkeitsdatum";Aufbau;"n2 Jahrhundert (20)
n2 Jahr (00-99)
  Trennzeichen („-“)
n2 Monat (01-12)
  Trennzeichen („-“)
n2 Tag (01-31)"
DEXPDF;"LIEFERUNG / UNTERLAGE / Gültigkeitsdatum";Prüfmuster;"(?!....-(02|04|06|09|11)-31|....-02-30|..(.[13579]|[02468][26]|[13579][048])-02-29)
(20[0-9][0-9])-(0[1-9]|1[0-2])-(0[1-9]|[12][0-9]|3[01])"
DEXPDF;"LIEFERUNG / SONSTIGER VERWEIS / Sequenznummer";Prüfung;"Die Nummern dieser Datengruppen müssen lückenlos aufsteigend angegeben werden, beginnend mit „1“."
DEXPDF;"LIEFERUNG / SONSTIGER VERWEIS / Sequenznummer";Beschränkung;"1 - 99"
DEXPDF;"LIEFERUNG / SONSTIGER VERWEIS / Sequenznummer";Prüfmuster;"[1-9][0-9]{0,1}"
DEXPDF;"LIEFERUNG / SONSTIGER VERWEIS / Art";Prüfung;"Die Verweisarten „9ZZX“ [Sonstige Unterlagen ZELOS (Original)] und „9ZZY“ [Sonstige Unterlagen ZELOS (Kopie)] sind nicht anmeldbar."
DEXPDF;"LIEFERUNG / SONSTIGER VERWEIS / Art";Aufbau;"TARIC-Codierung mit Ziffern:
a1 Großbuchstabe
n3 Ziffern"
DEXPDF;"LIEFERUNG / SONSTIGER VERWEIS / Art";Aufbau;"TARIC-Codierung mit Buchstaben:
a1 Großbuchstabe
a3 Großbuchstaben"
DEXPDF;"LIEFERUNG / SONSTIGER VERWEIS / Art";Aufbau;"Nationale Codierung:
n1 Ziffer
a3 Großbuchstaben"
DEXPDF;"LIEFERUNG / SONSTIGER VERWEIS / Art";Prüfmuster;"([A-Z][0-9]{3}|^[A-Z][A-Z]{3}|^[0-9][A-Z]{3})"
DEXPDF;"LIEFERUNG / SONSTIGER VERWEIS / Qualifikator";Bedingung;"Die Angabe des Datenfeldes ist erforderlich, wenn die Codeliste zu dem im Datenfeld „Art“ angegebenen Wert eine Qualifikation verlangt."
DEXPDF;"LIEFERUNG / SONSTIGER VERWEIS / Qualifikator";Bedingung;"Die Angabe des Datenfeldes ist nur zulässig, wenn die Codeliste zu dem im Datenfeld „Art“ angegebenen Wert eine Qualifikation erlaubt."
DEXPDF;"LIEFERUNG / SONSTIGER VERWEIS / Qualifikator";Prüfmuster;".{1,3}"
DEXPDF;"LIEFERUNG / SONSTIGER VERWEIS / Referenznummer";Bedingung;"Die Angabe des Datenfeldes ist erforderlich, wenn bei den ergänzenden Angaben der Codeliste I0911 die Referenz zu der in den Datenfeldern „Art“ und ggf. „Qualifikator“ angegebenen Codierung mit dem Status „R“ [Pflicht-Datenfeld] ausgewiesen ist."
DEXPDF;"LIEFERUNG / SONSTIGER VERWEIS / Referenznummer";Bedingung;"Die Angabe des Datenfeldes ist unzulässig, wenn bei den ergänzenden Angaben der Codeliste I0911 die Referenz zu der in den Datenfeldern „Art“ und ggf. „Qualifikator“ angegebenen Codierung mit dem Status „N“ [Gesperrtes Datenfeld] ausgewiesen ist."
DEXPDF;"LIEFERUNG / SONSTIGER VERWEIS / Referenznummer";Prüfmuster;".{1,70}"
DEXPDF;"LIEFERUNG / ZUSÄTZLICHE INFORMATION";Bedingung;"Die Angabe einer Datengruppe mit dem Wert „X0000“ [Mitteilung an die Ausfuhrzollstelle] in dem Datenfeld „Code“ ist erforderlich, wenn das Datenfeld „KOPF / Art der Ausfuhranmeldung“ mit dem Wert „00000902“ [Standard-Ausfuhranmeldung zum einstufigen Verfahren in begründeten Fällen] angegeben wird."
DEXPDF;"LIEFERUNG / ZUSÄTZLICHE INFORMATION / Sequenznummer";Prüfung;"Die Nummern dieser Datengruppen müssen lückenlos aufsteigend angegeben werden, beginnend mit „1“."
DEXPDF;"LIEFERUNG / ZUSÄTZLICHE INFORMATION / Sequenznummer";Beschränkung;"1 - 99"
DEXPDF;"LIEFERUNG / ZUSÄTZLICHE INFORMATION / Sequenznummer";Prüfmuster;"[1-9][0-9]{0,1}"
DEXPDF;"LIEFERUNG / ZUSÄTZLICHE INFORMATION / Code";Prüfung;"Jeder zulässige Wert darf nur in höchstens einer Datengruppe „ZUSÄTZLICHE INFORMATION“ verwendet werden."
DEXPDF;"LIEFERUNG / ZUSÄTZLICHE INFORMATION / Code";Prüfung;"Die Verwendung des Wertes „X0001“ [Empfänger eines Nachforschungsersuchens ist der Anmelder] ist unzulässig, wenn bei Angabe des Datenfeldes „KOPF / Beteiligten-Konstellation“ mit einem der Werte „••1•“ [Anmelder lässt sich direkt vertreten] zu dem Anmelder keine Kommunikationsadresse für die Nachrichtengruppe „EXP“ [Ausfuhr - Überführung und Erledigung] und das identische AES-Release in den Teilnehmer-Stammdaten von ATLAS hinterlegt ist."
DEXPDF;"LIEFERUNG / ZUSÄTZLICHE INFORMATION / Code";Prüfung;"Die Verwendung des Wertes „X0004“ [Keine Bedarfslieferung in einen anderen Mitgliedstaat] ist nur zulässig, wenn das Datenfeld „LIEFERUNG / Bestimmungsland“ mit dem Wert „QQ“ [Schiffs- und Luftfahrzeugbedarf] angegeben wird."
DEXPDF;"LIEFERUNG / ZUSÄTZLICHE INFORMATION / Code";Prüfung;"Die Verwendung des Wertes „X0005“ [Zusätzlicher Ausgangsvermerk an den Ausführer] ist unzulässig,
• wenn bei Angabe des Datenfeldes „KOPF / Beteiligten-Konstellation“ mit einem der Werte „•01•“ [Anmelder ist Ausführer • Anmelder lässt sich direkt vertreten] zu diesem Anmelder/Ausführer keine Kommunikationsadresse für die Nachrichtengruppe „EXP“ [Ausfuhr - Überführung und Erledigung] und das identische AES-Release in den Teilnehmer-Stammdaten von ATLAS hinterlegt ist;
• wenn bei Angabe des Datenfeldes „KOPF / Beteiligten-Konstellation“ mit einem der Werte „•1••“ [Ausführer lässt sich indirekt vertreten] das zu diesem Ausführer keine Kommunikationsadresse für die Nachrichtengruppe „EXP“ [Ausfuhr - Überführung und Erledigung] und das identische AES-Release in den Teilnehmer-Stammdaten von ATLAS hinterlegt ist."
DEXPDF;"LIEFERUNG / ZUSÄTZLICHE INFORMATION / Code";Aufbau;"EU-weit gültig:
n5 Codierung gemäß Codeliste C0239"
DEXPDF;"LIEFERUNG / ZUSÄTZLICHE INFORMATION / Code";Aufbau;"Nur für die Ausfuhrzollstelle bestimmt:
a1 Kennzeichnung „X“ für zusätzliche Information im Verfahrensbereich Ausfuhr
n1 Kennzeichnung „0“ für die Überführung
n3 Kennnummer (mit führenden Nullen)"
DEXPDF;"LIEFERUNG / ZUSÄTZLICHE INFORMATION / Code";Prüfmuster;"([0-9]{5}|X0[0-9]{3})"
DEXPDF;"LIEFERUNG / ZUSÄTZLICHE INFORMATION / Text";Bedingung;"Die Angabe des Datenfeldes ist erforderlich, wenn das Datenfeld „Code“ mit dem Wert „X0000“ [Mitteilung an die Ausfuhrzollstelle] angegeben wird."
DEXPDF;"LIEFERUNG / ZUSÄTZLICHE INFORMATION / Text";Prüfmuster;".{1,512}"
DEXPDF;"LIEFERUNG / SENDUNG / Container-Indikator";Bedingung;"Die Angabe des Datenfeldes ist erforderlich, wenn das Datenfeld „KOPF / Art der Ausfuhranmeldung“ mit einem der Werte „1•••••••“ [Rückwirkende/nachträgliche Anmeldung], „2•••••••“ [Sammelanmeldung], „••••1•0•“ [Vollständige Anmeldung zum Vereinfachten Verfahren] oder „•••••4••“ [Zentrale Zollabwicklung] angegeben wird."
DEXPDF;"LIEFERUNG / SENDUNG / Container-Indikator";Prüfmuster;"[0-9]"
DEXPDF;"LIEFERUNG / SENDUNG / Inländischer Verkehrszweig";Bedingung;"Die Angabe des Datenfeldes ist unzulässig, wenn das Datenfeld „KOPF / Art der Ausfuhranmeldung“ mit einem der Werte „•••••9••“ [Einstufiges Verfahren] angegeben wird."
DEXPDF;"LIEFERUNG / SENDUNG / Inländischer Verkehrszweig";Bedingung;"Die Angabe des Datenfeldes ist erforderlich, wenn das Datenfeld „KOPF / Art der Ausfuhranmeldung“ mit einem der Werte „1•••••••“ [Rückwirkende/nachträgliche Anmeldung], „20000000“ [Monatliche Sammelanmeldung zum Vereinfachten Verfahren unter Verwendung einer Bewilligung EIR-Ausfuhr], „••••1•0•“ [Vollständige Anmeldung zum Vereinfachten Verfahren] oder „•••••40•“ [Vollständige Anmeldung zur Zentralen Zollabwicklung] angegeben wird."
DEXPDF;"LIEFERUNG / SENDUNG / Inländischer Verkehrszweig";Prüfung;"Die Verwendung des Wertes „7“ [Feste Transporteinrichtung] ist nur zulässig, wenn das Datenfeld „KOPF / Art der Ausfuhranmeldung“ mit dem Wert „20000000“ [Monatliche Sammelanmeldung zum Vereinfachten Verfahren unter Verwendung einer Bewilligung EIR-Ausfuhr] angegeben wird."
DEXPDF;"LIEFERUNG / SENDUNG / Inländischer Verkehrszweig";Prüfmuster;"[0-9]"
DEXPDF;"LIEFERUNG / SENDUNG / Verkehrszweig an der Grenze";Bedingung;"Die Angabe des Datenfeldes ist erforderlich, wenn das Datenfeld „KOPF / Art der Ausfuhranmeldung“ mit einem der Werte „1•••••••“ [Rückwirkende/nachträgliche Anmeldung], „20000000“ [Monatliche Sammelanmeldung zum Vereinfachten Verfahren unter Verwendung einer Bewilligung EIR-Ausfuhr], „••••1•0•“ [Vollständige Anmeldung zum Vereinfachten Verfahren] oder „•••••40•“ [Vollständige Anmeldung zur Zentralen Zollabwicklung] angegeben wird."
DEXPDF;"LIEFERUNG / SENDUNG / Verkehrszweig an der Grenze";Prüfung;"Die Verwendung des Wertes „7“ [Feste Transporteinrichtung] ist nur zulässig, wenn das Datenfeld „KOPF / Art der Ausfuhranmeldung“ mit dem Wert „20000000“ [Monatliche Sammelanmeldung zum Vereinfachten Verfahren unter Verwendung einer Bewilligung EIR-Ausfuhr] angegeben wird."
DEXPDF;"LIEFERUNG / SENDUNG / Verkehrszweig an der Grenze";Prüfmuster;"[0-9]"
DEXPDF;"LIEFERUNG / SENDUNG / Rohmasse";Prüfung;"Die Rohmasse darf nicht kleiner sein als die Summe aller Datenfelder „// WARENPOSITION / WARE / VERMESSUNG / Rohmasse“."
DEXPDF;"LIEFERUNG / SENDUNG / Rohmasse";Prüfung;"Die Rohmasse darf nicht kleiner sein als die Summe aller Datenfelder „// WARENPOSITION / WARE / VERMESSUNG / Eigenmasse“."
DEXPDF;"LIEFERUNG / SENDUNG / Rohmasse";Beschränkung;"0.000 - 9999999999999999"
DEXPDF;"LIEFERUNG / SENDUNG / Rohmasse";Prüfmuster;"(?=.{1,17}\Z)(0|[1-9][0-9]{0,15})(\.[0-9]{1,3})?"
DEXPDF;"LIEFERUNG / SENDUNG / Referenznummer/UCR";Bedingung;"Die Angabe des Datenfeldes ist unzulässig, wenn mindestens ein Datenfeld „// WARENPOSITION / Referenznummer/UCR“ angegeben wird."
DEXPDF;"LIEFERUNG / SENDUNG / Referenznummer/UCR";Prüfmuster;"[\x20-\x7E]{1,35}"
DEXPDF;"LIEFERUNG / SENDUNG / Registriernummer (extern)";Prüfmuster;".{1,70}"
DEXPDF;"LIEFERUNG / SENDUNG / BEFÖRDERER / Identifikationsnummer";Beschränkung;"Verwendbare Nummernkreise:
• EORI-Nummer
• TCUI-Nummer"
DEXPDF;"LIEFERUNG / SENDUNG / BEFÖRDERER / Identifikationsnummer";Aufbau;"Deutsche EORI-Nummer aus Migration:
a2 Land „DE“ [Deutschland]
n7 Zollnummer"
DEXPDF;"LIEFERUNG / SENDUNG / BEFÖRDERER / Identifikationsnummer";Aufbau;"EORI-Nummer anderer Mitgliedstaaten oder deutsche EORI-Nummer aus Neuvergabe:
a2 Land (Codeliste C0010)
an..15 Nationale Identifikationsnummer"
DEXPDF;"LIEFERUNG / SENDUNG / BEFÖRDERER / Identifikationsnummer";Aufbau;"TCUI-Nummer:
a2 Land
an..15 Nationale oder von der EU zugeordnete Identifikationsnummer"
DEXPDF;"LIEFERUNG / SENDUNG / BEFÖRDERER / Identifikationsnummer";Prüfmuster;"[A-Z]{2}[\x21-\x7E]{1,15}"
DEXPDF;"LIEFERUNG / SENDUNG / BEFÖRDERER / Niederlassungsnummer";Bedingung;"Die Angabe des Datenfeldes ist erforderlich und nur zulässig, wenn das Datenfeld „Identifikationsnummer“ als EORI-Nummer angegeben wird."
DEXPDF;"LIEFERUNG / SENDUNG / BEFÖRDERER / Niederlassungsnummer";Prüfung;"Die angegebene Niederlassungsnummer darf (bezogen auf das Datenfeld „Identifikationsnummer“) nicht dem Datenfeld „ANMELDER / Niederlassungsnummer“ entsprechen."
DEXPDF;"LIEFERUNG / SENDUNG / BEFÖRDERER / Niederlassungsnummer";Prüfmuster;"[0-9]{4}"
DEXPDF;"LIEFERUNG / SENDUNG / VERSENDER";Bedingung;"Die Angabe der Datengruppe ist unzulässig, wenn mindestens eine Datengruppe „// WARENPOSITION / VERSENDER“ angegeben wird."
DEXPDF;"LIEFERUNG / SENDUNG / VERSENDER / Identifikationsnummer";Bedingung;"Die Angabe des Datenfeldes ist erforderlich und nur zulässig, wenn das Datenfeld „Name“ und die Datengruppe „ADRESSE“ nicht angegeben werden."
DEXPDF;"LIEFERUNG / SENDUNG / VERSENDER / Identifikationsnummer";Beschränkung;"Verwendbare Nummernkreise:
• EORI-Nummer
• TCUI-Nummer"
DEXPDF;"LIEFERUNG / SENDUNG / VERSENDER / Identifikationsnummer";Aufbau;"Deutsche EORI-Nummer aus Migration:
a2 Land „DE“ [Deutschland]
n7 Zollnummer"
DEXPDF;"LIEFERUNG / SENDUNG / VERSENDER / Identifikationsnummer";Aufbau;"EORI-Nummer anderer Mitgliedstaaten oder deutsche EORI-Nummer aus Neuvergabe:
a2 Land (Codeliste C0010)
an..15 Nationale Identifikationsnummer"
DEXPDF;"LIEFERUNG / SENDUNG / VERSENDER / Identifikationsnummer";Aufbau;"TCUI-Nummer:
a2 Land
an..15 Nationale oder von der EU zugeordnete Identifikationsnummer"
DEXPDF;"LIEFERUNG / SENDUNG / VERSENDER / Identifikationsnummer";Prüfmuster;"[A-Z]{2}[\x21-\x7E]{1,15}"
DEXPDF;"LIEFERUNG / SENDUNG / VERSENDER / Niederlassungsnummer";Bedingung;"Die Angabe des Datenfeldes ist erforderlich und nur zulässig, wenn das Datenfeld „Identifikationsnummer“ als EORI-Nummer angegeben wird."
DEXPDF;"LIEFERUNG / SENDUNG / VERSENDER / Niederlassungsnummer";Prüfmuster;"[0-9]{4}"
DEXPDF;"LIEFERUNG / SENDUNG / VERSENDER / Name";Bedingung;"Die Angabe des Datenfeldes ist erforderlich und nur zulässig, wenn das Datenfeld „Identifikationsnummer“ nicht angegeben wird."
DEXPDF;"LIEFERUNG / SENDUNG / VERSENDER / Name";Prüfmuster;".{1,70}"
DEXPDF;"LIEFERUNG / SENDUNG / VERSENDER / ADRESSE";Bedingung;"Die Angabe der Datengruppe ist erforderlich und nur zulässig, wenn das Datenfeld „Identifikationsnummer“ nicht angegeben wird."
DEXPDF;"LIEFERUNG / SENDUNG / VERSENDER / ADRESSE / Straße und Hausnummer";Prüfmuster;".{1,70}"
DEXPDF;"LIEFERUNG / SENDUNG / VERSENDER / ADRESSE / Postleitzahl";Bedingung;"Die Angabe des Datenfeldes ist erforderlich, wenn das Datenfeld „Land“ mit keinem der Werte aus Codeliste C0505 angegeben wird."
DEXPDF;"LIEFERUNG / SENDUNG / VERSENDER / ADRESSE / Postleitzahl";Prüfung;"Die Verwendung eines exakt fünfstelligen, numerischen Wertes ist erforderlich, wenn das Datenfeld „Land“ mit dem Wert „DE“ [Deutschland] angegeben wird."
DEXPDF;"LIEFERUNG / SENDUNG / VERSENDER / ADRESSE / Postleitzahl";Aufbau;"Deutsche Postleitzahl:
n5 5 Ziffern"
DEXPDF;"LIEFERUNG / SENDUNG / VERSENDER / ADRESSE / Postleitzahl";Prüfmuster;".{1,17}"
DEXPDF;"LIEFERUNG / SENDUNG / VERSENDER / ADRESSE / Ort";Prüfmuster;".{1,35}"
DEXPDF;"LIEFERUNG / SENDUNG / VERSENDER / ADRESSE / Land";Prüfmuster;"[A-Z]{2}"
DEXPDF;"LIEFERUNG / SENDUNG / EMPFÄNGER";Bedingung;"Die Angabe der Datengruppe ist unzulässig, wenn mindestens eine Datengruppe „// WARENPOSITION / EMPFÄNGER“ angegeben wird."
DEXPDF;"LIEFERUNG / SENDUNG / EMPFÄNGER";Bedingung;"Sofern vorgenannte Kriterien nicht gegeben sind, gilt:
• Die Angabe der Datengruppe ist erforderlich, wenn das Datenfeld „KOPF / Art der Ausfuhranmeldung“ mit einem der Werte „••••••0•“ [Vollständige Anmeldung] angegeben wird.
• Die Angabe der Datengruppe ist erforderlich, wenn das Datenfeld „KOPF / Beteiligten-Konstellation“ mit einem der Werte „••0•“ [Anmelder lässt sich nicht direkt vertreten] oder „•••0“ [Ausführer beauftragt keinen Subunternehmer] angegeben wird.
• Die Angabe der Datengruppe ist erforderlich, wenn das Datenfeld „LIEFERUNG / Bestimmungsland“ mit einem der Werte aus Codeliste I0810 angegeben wird.
• Die Angabe der Datengruppe ist erforderlich, wenn mindestens eine Datengruppe „// WARENPOSITION / UNTERLAGE“ mit einem der Werte aus den Codelisten I0952 oder I0953 in den Datenfeldern „Art“ und ggf. „Qualifikator“ angegeben wird.
• Die Angabe der Datengruppe ist erforderlich, wenn mindestens eine Datengruppe „// WARENPOSITION / UNTERLAGE“ oder „// WARENPOSITION / SONSTIGER VERWEIS“ mit einem der Werte aus Codeliste I0971 in dem Datenfeld „Art“ angegeben wird."
DEXPDF;"LIEFERUNG / SENDUNG / EMPFÄNGER / Identifikationsnummer";Bedingung;"Die Angabe des Datenfeldes ist erforderlich und nur zulässig, wenn das Datenfeld „Name“ und die Datengruppe „ADRESSE“ nicht angegeben werden."
DEXPDF;"LIEFERUNG / SENDUNG / EMPFÄNGER / Identifikationsnummer";Beschränkung;"Verwendbare Nummernkreise:
• EORI-Nummer
• TCUI-Nummer"
DEXPDF;"LIEFERUNG / SENDUNG / EMPFÄNGER / Identifikationsnummer";Aufbau;"Deutsche EORI-Nummer aus Migration:
a2 Land „DE“ [Deutschland]
n7 Zollnummer"
DEXPDF;"LIEFERUNG / SENDUNG / EMPFÄNGER / Identifikationsnummer";Aufbau;"EORI-Nummer anderer Mitgliedstaaten oder deutsche EORI-Nummer aus Neuvergabe:
a2 Land (Codeliste C0010)
an..15 Nationale Identifikationsnummer"
DEXPDF;"LIEFERUNG / SENDUNG / EMPFÄNGER / Identifikationsnummer";Aufbau;"TCUI-Nummer:
a2 Land
an..15 Nationale oder von der EU zugeordnete Identifikationsnummer"
DEXPDF;"LIEFERUNG / SENDUNG / EMPFÄNGER / Identifikationsnummer";Prüfmuster;"[A-Z]{2}[\x21-\x7E]{1,15}"
DEXPDF;"LIEFERUNG / SENDUNG / EMPFÄNGER / Niederlassungsnummer";Bedingung;"Die Angabe des Datenfeldes ist erforderlich und nur zulässig, wenn das Datenfeld „Identifikationsnummer“ als EORI-Nummer angegeben wird."
DEXPDF;"LIEFERUNG / SENDUNG / EMPFÄNGER / Niederlassungsnummer";Prüfmuster;"[0-9]{4}"
DEXPDF;"LIEFERUNG / SENDUNG / EMPFÄNGER / Name";Bedingung;"Die Angabe des Datenfeldes ist erforderlich und nur zulässig, wenn das Datenfeld „Identifikationsnummer“ nicht angegeben wird."
DEXPDF;"LIEFERUNG / SENDUNG / EMPFÄNGER / Name";Prüfmuster;".{1,70}"
DEXPDF;"LIEFERUNG / SENDUNG / EMPFÄNGER / ADRESSE";Bedingung;"Die Angabe der Datengruppe ist erforderlich und nur zulässig, wenn das Datenfeld „Identifikationsnummer“ nicht angegeben wird."
DEXPDF;"LIEFERUNG / SENDUNG / EMPFÄNGER / ADRESSE / Straße und Hausnummer";Prüfmuster;".{1,70}"
DEXPDF;"LIEFERUNG / SENDUNG / EMPFÄNGER / ADRESSE / Postleitzahl";Bedingung;"Die Angabe des Datenfeldes ist erforderlich, wenn das Datenfeld „Land“ mit keinem der Werte aus Codeliste C0505 angegeben wird."
DEXPDF;"LIEFERUNG / SENDUNG / EMPFÄNGER / ADRESSE / Postleitzahl";Prüfung;"Die Verwendung eines exakt fünfstelligen, numerischen Wertes ist erforderlich, wenn das Datenfeld „Land“ mit dem Wert „DE“ [Deutschland] angegeben wird."
DEXPDF;"LIEFERUNG / SENDUNG / EMPFÄNGER / ADRESSE / Postleitzahl";Aufbau;"Deutsche Postleitzahl:
n5 5 Ziffern"
DEXPDF;"LIEFERUNG / SENDUNG / EMPFÄNGER / ADRESSE / Postleitzahl";Prüfmuster;".{1,17}"
DEXPDF;"LIEFERUNG / SENDUNG / EMPFÄNGER / ADRESSE / Ort";Prüfmuster;".{1,35}"
DEXPDF;"LIEFERUNG / SENDUNG / EMPFÄNGER / ADRESSE / Land";Prüfmuster;"[A-Z]{2}"
DEXPDF;"LIEFERUNG / SENDUNG / TRANSPORTAUSRÜSTUNG";Bedingung;"Die Angabe der Datengruppe ist nur zulässig, wenn das Datenfeld „Container-Indikator“ angegeben wird."
DEXPDF;"LIEFERUNG / SENDUNG / TRANSPORTAUSRÜSTUNG";Bedingung;"Die Angabe der Datengruppe ist erforderlich, wenn das Datenfeld „Container-Indikator“ mit dem Wert „1“ [Ja] und das Datenfeld „KOPF / Art der Ausfuhranmeldung“ mit einem der Werte „1•••••••“ [Rückwirkende/nachträgliche Anmeldung], „2•••••••“ [Sammelanmeldung], „••••1•0•“ [Vollständige Anmeldung zum Vereinfachten Verfahren] oder „•••••4••“ [Zentrale Zollabwicklung] angegeben wird."
DEXPDF;"LIEFERUNG / SENDUNG / TRANSPORTAUSRÜSTUNG / Sequenznummer";Prüfung;"Die Nummern dieser Datengruppen müssen lückenlos aufsteigend angegeben werden, beginnend mit „1“."
DEXPDF;"LIEFERUNG / SENDUNG / TRANSPORTAUSRÜSTUNG / Sequenznummer";Beschränkung;"1 - 9999"
DEXPDF;"LIEFERUNG / SENDUNG / TRANSPORTAUSRÜSTUNG / Sequenznummer";Prüfmuster;"[1-9][0-9]{0,3}"
DEXPDF;"LIEFERUNG / SENDUNG / TRANSPORTAUSRÜSTUNG / Containernummer";Bedingung;"Die Angabe des Datenfeldes ist unzulässig, wenn das Datenfeld „Container-Indikator“ mit dem Wert „0“ [Nein] angegeben wird."
DEXPDF;"LIEFERUNG / SENDUNG / TRANSPORTAUSRÜSTUNG / Containernummer";Bedingung;"Die Angabe des Datenfeldes ist erforderlich, wenn das Datenfeld „Container-Indikator“ mit dem Wert „1“ [Ja] und kein anderes Datenfeld „Containernummer“ angegeben wird."
DEXPDF;"LIEFERUNG / SENDUNG / TRANSPORTAUSRÜSTUNG / Containernummer";Prüfmuster;"[\x20-\x7E]{1,17}"
DEXPDF;"LIEFERUNG / SENDUNG / TRANSPORTAUSRÜSTUNG / Anzahl der Verschlüsse";Beschränkung;"fix 0"
DEXPDF;"LIEFERUNG / SENDUNG / TRANSPORTAUSRÜSTUNG / Anzahl der Verschlüsse";Prüfmuster;"0"
DEXPDF;"LIEFERUNG / SENDUNG / TRANSPORTAUSRÜSTUNG / VERSCHLUSS";Bedingung;"Die Angabe der Datengruppe ist erforderlich und nur zulässig, wenn das Datenfeld „Anzahl der Verschlüsse“ mit einem Wert größer „0“ angegeben wird."
DEXPDF;"LIEFERUNG / SENDUNG / TRANSPORTAUSRÜSTUNG / VERSCHLUSS / Sequenznummer";Prüfung;"Die Nummern dieser Datengruppen müssen lückenlos aufsteigend angegeben werden, jeweils neu beginnend mit „1“ für jede Datengruppe „TRANSPORTAUSRÜSTUNG“ und endend mit dem Wert des Datenfeldes „Anzahl der Verschlüsse“."
DEXPDF;"LIEFERUNG / SENDUNG / TRANSPORTAUSRÜSTUNG / VERSCHLUSS / Sequenznummer";Beschränkung;"1 - 99"
DEXPDF;"LIEFERUNG / SENDUNG / TRANSPORTAUSRÜSTUNG / VERSCHLUSS / Sequenznummer";Prüfmuster;"[1-9][0-9]{0,1}"
DEXPDF;"LIEFERUNG / SENDUNG / TRANSPORTAUSRÜSTUNG / VERSCHLUSS / Verschlusskennzeichen";Prüfmuster;".{1,20}"
DEXPDF;"LIEFERUNG / SENDUNG / TRANSPORTAUSRÜSTUNG / WARENPOSITIONSVERWEIS";Bedingung;"Die Angabe der Datengruppe ist erforderlich, wenn mehr als eine Datengruppe „TRANSPORTAUSRÜSTUNG“ angegeben wird."
DEXPDF;"LIEFERUNG / SENDUNG / TRANSPORTAUSRÜSTUNG / WARENPOSITIONSVERWEIS";Bedingung;"Die Angabe der Datengruppe ist erforderlich, wenn das Datenfeld „Containernummer“ nicht angegeben wird."
DEXPDF;"LIEFERUNG / SENDUNG / TRANSPORTAUSRÜSTUNG / WARENPOSITIONSVERWEIS / Sequenznummer";Prüfung;"Die Nummern dieser Datengruppen müssen lückenlos aufsteigend angegeben werden, jeweils neu beginnend mit „1“ für jede Datengruppe „TRANSPORTAUSRÜSTUNG“."
DEXPDF;"LIEFERUNG / SENDUNG / TRANSPORTAUSRÜSTUNG / WARENPOSITIONSVERWEIS / Sequenznummer";Beschränkung;"1 - 999"
DEXPDF;"LIEFERUNG / SENDUNG / TRANSPORTAUSRÜSTUNG / WARENPOSITIONSVERWEIS / Sequenznummer";Prüfmuster;"[1-9][0-9]{0,2}"
DEXPDF;"LIEFERUNG / SENDUNG / TRANSPORTAUSRÜSTUNG / WARENPOSITIONSVERWEIS / Positionsnummer";Beschränkung;"1 - 999"
DEXPDF;"LIEFERUNG / SENDUNG / TRANSPORTAUSRÜSTUNG / WARENPOSITIONSVERWEIS / Positionsnummer";Prüfmuster;"[1-9][0-9]{0,2}"
DEXPDF;"LIEFERUNG / SENDUNG / WARENORT";Bedingung;"Die Angabe der Datengruppe ist unzulässig, wenn das Datenfeld „KOPF / Art der Ausfuhranmeldung“ mit dem Wert „20000000“ [Monatliche Sammelanmeldung zum Vereinfachten Verfahren unter Verwendung einer Bewilligung EIR-Ausfuhr] angegeben wird."
DEXPDF;"LIEFERUNG / SENDUNG / WARENORT";Bedingung;"Die Angabe der Datengruppe ist unzulässig, wenn das Datenfeld „KOPF / Art der Ausfuhranmeldung“ mit einem der Werte „•••01•••“ [Vereinfachtes Verfahren SDE-Ausfuhr] oder „••111•••“ [Vereinfachtes Verfahren SDE-PV] angegeben wird und die durch das zugehörige Datenfeld „BEWILLIGUNG / Referenznummer“ in Anspruch genommene Bewilligung für Massengüter ohne Ladeort gilt."
DEXPDF;"LIEFERUNG / SENDUNG / WARENORT";Bedingung;"Sofern vorgenannte Kriterien nicht gegeben sind, gilt:
• Die Angabe der Datengruppe ist erforderlich."
DEXPDF;"LIEFERUNG / SENDUNG / WARENORT / Art des Ortes";Prüfung;"Die Verwendung des Wertes „A“ [Bestimmter Ort] ist erforderlich, wenn das Datenfeld „Art der Ortsbestimmung“ mit dem Wert „V“ [Zollstelle - Kennung] angegeben wird."
DEXPDF;"LIEFERUNG / SENDUNG / WARENORT / Art des Ortes";Prüfung;"Die Verwendung des Wertes „B“ [Bewilligter Ort] ist erforderlich, wenn das Datenfeld „Art der Ortsbestimmung“ mit dem Wert „Y“ [Bewilligungsnummer] angegeben wird."
DEXPDF;"LIEFERUNG / SENDUNG / WARENORT / Art des Ortes";Prüfung;"Die Verwendung des Wertes „D“ [Anderer Ort] ist erforderlich, wenn das Datenfeld „Art der Ortsbestimmung“ mit einem der Werte „U“ [UN/LOCODE], „W“ [GNSS-Koordinaten] oder „Z“ [Adresse] angegeben wird."
DEXPDF;"LIEFERUNG / SENDUNG / WARENORT / Art des Ortes";Prüfmuster;"[A-Z]"
DEXPDF;"LIEFERUNG / SENDUNG / WARENORT / Art der Ortsbestimmung";Prüfung;"Wenn das Datenfeld „KOPF / Art der Ausfuhranmeldung“ mit einem der Werte „•••••1••“ [Gestellung an der Ausfuhrzollstelle] oder „•••••9••“ [Gestellung an der Ausgangszollstelle] angegeben wird, gilt:
• Die Verwendung des Wertes „V“ [Zollstelle - Kennung] ist erforderlich."
DEXPDF;"LIEFERUNG / SENDUNG / WARENORT / Art der Ortsbestimmung";Prüfung;"Wenn das Datenfeld „KOPF / Art der Ausfuhranmeldung“ mit einem der Werte „•••••2••“ [Gestellung außerhalb des Amtsplatzes nach §12(4) AWV] angegeben wird, gilt:
• Die Verwendung der Werte „U“ [UN/LOCODE] und „W“ [GNSS-Koordinaten] ist unzulässig, wenn die Zuständigkeit der Ausfuhrzollstelle nicht durch andere Angaben sichergestellt wird.
• Die Verwendung des Wertes „V“ [Zollstelle - Kennung] ist unzulässig."
DEXPDF;"LIEFERUNG / SENDUNG / WARENORT / Art der Ortsbestimmung";Prüfung;"Wenn das Datenfeld „KOPF / Art der Ausfuhranmeldung“ mit einem der Werte „•••••3••“ [Vereinfachtes Verfahren] oder „•••••4••“ [Zentrale Zollabwicklung] angegeben wird, gilt:
• Die Verwendung des Wertes „Y“ [Bewilligungsnummer] ist erforderlich."
DEXPDF;"LIEFERUNG / SENDUNG / WARENORT / Art der Ortsbestimmung";Prüfmuster;"[A-Z]"
DEXPDF;"LIEFERUNG / SENDUNG / WARENORT / Bewilligungsnummer";Bedingung;"Die Angabe des Datenfeldes ist unzulässig, wenn das Datenfeld „Art der Ortsbestimmung“ mit einem anderen Wert als „Y“ [Bewilligungsnummer] angegeben wird."
DEXPDF;"LIEFERUNG / SENDUNG / WARENORT / Bewilligungsnummer";Bedingung;"Ansonsten gilt:
• Die Angabe des Datenfeldes ist erforderlich und nur zulässig, wenn das Datenfeld „KOPF / Art der Ausfuhranmeldung“ mit keinem der Werte „••••1•••“ [Vereinfachte Verfahren SDE-Ausfuhr und SDE-PV] oder „•••••4••“ [Zentrale Zollabwicklung] angegeben wird."
DEXPDF;"LIEFERUNG / SENDUNG / WARENORT / Bewilligungsnummer";Prüfung;"Wenn das Datenfeld mit einer Bewilligung SDE-Ausfuhr oder SDE-PV angegeben wird, gelten die an dem Datenfeld „BEWILLIGUNG / Referenznummer“ genannten Kriterien zu Beteiligten-Zuordnung und Nutzungsbefugnis dieser Bewilligung."
DEXPDF;"LIEFERUNG / SENDUNG / WARENORT / Bewilligungsnummer";Prüfung;"Wenn das Datenfeld mit einer anderen Bewilligung angegeben wird, muss diese Bewilligung dem Ausführer oder dem Subunternehmer zugeordnet sein."
DEXPDF;"LIEFERUNG / SENDUNG / WARENORT / Bewilligungsnummer";Aufbau;"Bewilligungsnummer:
a2 Land (Codeliste C0010)
an3..4 EU-Bewilligungsart
an..29 Nationale Referenznummer der Bewilligung"
DEXPDF;"LIEFERUNG / SENDUNG / WARENORT / Bewilligungsnummer";Prüfmuster;"[A-Z]{2}[A-Z0-9]{3,4}.{1,29}"
DEXPDF;"LIEFERUNG / SENDUNG / WARENORT / Zusätzliche Kennung";Bedingung;"Die Angabe des Datenfeldes ist erforderlich und nur zulässig, wenn das Datenfeld „Art der Ortsbestimmung“ mit dem Wert „Y“ [Bewilligungsnummer] angegeben wird."
DEXPDF;"LIEFERUNG / SENDUNG / WARENORT / Zusätzliche Kennung";Beschränkung;"Verwendbare Kennungen:
• Waren- bzw. Gestellungsort einer Bewilligung"
DEXPDF;"LIEFERUNG / SENDUNG / WARENORT / Zusätzliche Kennung";Aufbau;"a2 Großbuchstaben einschließlich deutscher Umlaute
n2 laufende Nummer (00-99)"
DEXPDF;"LIEFERUNG / SENDUNG / WARENORT / Zusätzliche Kennung";Prüfmuster;"[A-ZÄÖÜ]{2}[0-9]{2}"
DEXPDF;"LIEFERUNG / SENDUNG / WARENORT / UN/LOCODE";Bedingung;"Die Angabe des Datenfeldes ist erforderlich und nur zulässig, wenn das Datenfeld „Art der Ortsbestimmung“ mit dem Wert „U“ [UN/LOCODE] angegeben wird."
DEXPDF;"LIEFERUNG / SENDUNG / WARENORT / UN/LOCODE";Prüfmuster;".{1,17}"
DEXPDF;"LIEFERUNG / SENDUNG / WARENORT / ZOLLSTELLE / Referenznummer";Prüfmuster;"[A-Z]{2}[A-Za-z0-9]{6}"
DEXPDF;"LIEFERUNG / SENDUNG / WARENORT / GNSS";Bedingung;"Die Angabe der Datengruppe ist erforderlich und nur zulässig, wenn das Datenfeld „Art der Ortsbestimmung“ mit dem Wert „W“ [GNSS-Koordinaten] angegeben wird."
DEXPDF;"LIEFERUNG / SENDUNG / WARENORT / GNSS / Breite";Beschränkung;"-90.0000000 - +90.0000000"
DEXPDF;"LIEFERUNG / SENDUNG / WARENORT / GNSS / Breite";Aufbau;"  optionales Vorzeichen („+“ oder „-“)
n..2 Grad (ggf. auch mit führender Null)
  Dezimaltrennzeichen („.“)
n5..7 Dezimalgrade"
DEXPDF;"LIEFERUNG / SENDUNG / WARENORT / GNSS / Breite";Prüfmuster;"[+-]?([0-8]?[0-9]\.[0-9]{5,7}|90\.000000?0?)"
DEXPDF;"LIEFERUNG / SENDUNG / WARENORT / GNSS / Länge";Beschränkung;"-180.0000000 - +180.0000000"
DEXPDF;"LIEFERUNG / SENDUNG / WARENORT / GNSS / Länge";Aufbau;"  optionales Vorzeichen („+“ oder „-“)
n..3 Grad (ggf. auch mit führenden Nullen)
  Dezimaltrennzeichen („.“)
n5..7 Dezimalgrade"
DEXPDF;"LIEFERUNG / SENDUNG / WARENORT / GNSS / Länge";Prüfmuster;"[+-]?((0?[0-9]?|1[0-7])[0-9]\.[0-9]{5,7}|180\.000000?0?)"
DEXPDF;"LIEFERUNG / SENDUNG / WARENORT / WIRTSCHAFTSBETEILIGTER / Identifikationsnummer";Prüfmuster;"[A-Z]{2}[\x21-\x7E]{1,15}"
DEXPDF;"LIEFERUNG / SENDUNG / WARENORT / ADRESSE";Bedingung;"Die Angabe der Datengruppe ist erforderlich und nur zulässig, wenn das Datenfeld „Art der Ortsbestimmung“ mit dem Wert „Z“ [Adresse] angegeben wird."
DEXPDF;"LIEFERUNG / SENDUNG / WARENORT / ADRESSE / Zusatz";Prüfmuster;".{1,35}"
DEXPDF;"LIEFERUNG / SENDUNG / WARENORT / ADRESSE / Straße und Hausnummer";Prüfmuster;".{1,70}"
DEXPDF;"LIEFERUNG / SENDUNG / WARENORT / ADRESSE / Postleitzahl";Bedingung;"Die Angabe des Datenfeldes ist erforderlich, wenn das Datenfeld „Land“ mit keinem der Werte aus Codeliste C0505 angegeben wird."
DEXPDF;"LIEFERUNG / SENDUNG / WARENORT / ADRESSE / Postleitzahl";Prüfung;"Die Verwendung eines exakt fünfstelligen, numerischen Wertes ist erforderlich, wenn das Datenfeld „Land“ mit dem Wert „DE“ [Deutschland] angegeben wird."
DEXPDF;"LIEFERUNG / SENDUNG / WARENORT / ADRESSE / Postleitzahl";Aufbau;"Deutsche Postleitzahl:
n5 5 Ziffern"
DEXPDF;"LIEFERUNG / SENDUNG / WARENORT / ADRESSE / Postleitzahl";Prüfmuster;".{1,17}"
DEXPDF;"LIEFERUNG / SENDUNG / WARENORT / ADRESSE / Ort";Prüfmuster;".{1,35}"
DEXPDF;"LIEFERUNG / SENDUNG / WARENORT / ADRESSE / Land";Prüfung;"Die Verwendung des Wertes „DE“ [Deutschland] ist unzulässig, wenn das Datenfeld „KOPF / Art der Ausfuhranmeldung“ mit einem der Werte „•••••4••“ [Zentrale Zollabwicklung] angegeben wird.
Die Verwendung des Wertes „DE“ [Deutschland] ist erforderlich, wenn das Datenfeld „KOPF / Art der Ausfuhranmeldung“ mit keinem der Werte „•••••4••“ [Zentrale Zollabwicklung] angegeben wird."
DEXPDF;"LIEFERUNG / SENDUNG / WARENORT / ADRESSE / Land";Prüfmuster;"[A-Z]{2}"
DEXPDF;"LIEFERUNG / SENDUNG / WARENORT / PLZ-ADDRESSE / Hausnummer";Prüfmuster;".{1,17}"
DEXPDF;"LIEFERUNG / SENDUNG / WARENORT / PLZ-ADDRESSE / Postleitzahl";Prüfmuster;".{1,17}"
DEXPDF;"LIEFERUNG / SENDUNG / WARENORT / PLZ-ADDRESSE / Land";Prüfmuster;"[A-Z]{2}"
DEXPDF;"LIEFERUNG / SENDUNG / WARENORT / ANSPRECHPARTNER";Bedingung;"Die Angabe der Datengruppe ist unzulässig, wenn das Datenfeld „Art der Ortsbestimmung“ mit dem Wert „V“ [Zollstelle - Kennung] angegeben wird."
DEXPDF;"LIEFERUNG / SENDUNG / WARENORT / ANSPRECHPARTNER / Name";Prüfmuster;".{1,70}"
DEXPDF;"LIEFERUNG / SENDUNG / WARENORT / ANSPRECHPARTNER / Telefonnummer";Prüfmuster;".{1,35}"
DEXPDF;"LIEFERUNG / SENDUNG / WARENORT / ANSPRECHPARTNER / E-Mail-Adresse";Prüfmuster;"(?=.{1,256}\Z)[A-Za-z0-9!#$%&'*+/=?
_`{|}~-]+(\.[A-Za-z0-9!#$%&'*+/=?
_`{|}~-]+)*@([A-Za-z0-9]([A-Za-z0-9-]*[A-Za-z0-9])?\.)+[A-Za-z0-9]([A-Za-z0-9-]*[A-Za-z0-9])?"
DEXPDF;"LIEFERUNG / SENDUNG / BEFÖRDERUNGSMITTEL BEIM ABGANG";Bedingung;"Die Angabe der Datengruppe ist unzulässig, wenn das Datenfeld „Inländischer Verkehrszweig“ nicht angegeben wird."
DEXPDF;"LIEFERUNG / SENDUNG / BEFÖRDERUNGSMITTEL BEIM ABGANG";Bedingung;"Die Angabe der Datengruppe ist erforderlich, wenn das Datenfeld „Inländischer Verkehrszweig“ mit einem anderen Wert als „5“ [Postverkehr (aktiver Verkehrszweig unbekannt)] oder „7“ [Feste Transporteinrichtung] und das Datenfeld „KOPF / Art der Ausfuhranmeldung“ mit einem der Werte „••0•••••“ [keine Passive Veredelung] angegeben wird."
DEXPDF;"LIEFERUNG / SENDUNG / BEFÖRDERUNGSMITTEL BEIM ABGANG";Prüfung;"Die Datengruppe darf nur einmal angegeben werden, wenn das Datenfeld „Inländischer Verkehrszweig“ mit einem anderen Wert als „2“ [Schienenverkehr] oder „3“ [Beförderung auf der Straße] angegeben wird."
DEXPDF;"LIEFERUNG / SENDUNG / BEFÖRDERUNGSMITTEL BEIM ABGANG";Prüfung;"Die Datengruppe darf bis zu dreimal angegeben werden, wenn das Datenfeld „Inländischer Verkehrszweig“ mit dem Wert „3“ [Beförderung auf der Straße] angegeben wird."
DEXPDF;"LIEFERUNG / SENDUNG / BEFÖRDERUNGSMITTEL BEIM ABGANG / Sequenznummer";Prüfung;"Die Nummern dieser Datengruppen müssen lückenlos aufsteigend angegeben werden, beginnend mit „1“."
DEXPDF;"LIEFERUNG / SENDUNG / BEFÖRDERUNGSMITTEL BEIM ABGANG / Sequenznummer";Beschränkung;"1 - 999"
DEXPDF;"LIEFERUNG / SENDUNG / BEFÖRDERUNGSMITTEL BEIM ABGANG / Sequenznummer";Prüfmuster;"[1-9][0-9]{0,2}"
DEXPDF;"LIEFERUNG / SENDUNG / BEFÖRDERUNGSMITTEL BEIM ABGANG / Art der Identifikation";Prüfung;"Die erste Stelle der Identifikationsart muss mit dem Datenfeld „Inländischer Verkehrszweig“ übereinstimmen, wenn dieses mit einem der Werte „1“ [Seeverkehr], „2“ [Schienenverkehr], „3“ [Beförderung auf der Straße], „4“ [Beförderung auf dem Luftweg] oder „8“ [Binnenschifffahrt] angegeben wird."
DEXPDF;"LIEFERUNG / SENDUNG / BEFÖRDERUNGSMITTEL BEIM ABGANG / Art der Identifikation";Prüfung;"Die Werte „21“ [Zugnummer] und „30“ [Amtliches Kennzeichen des Straßenfahrzeugs] dürfen in nur einer Datengruppe angegeben werden."
DEXPDF;"LIEFERUNG / SENDUNG / BEFÖRDERUNGSMITTEL BEIM ABGANG / Art der Identifikation";Prüfmuster;"[0-9]{2}"
DEXPDF;"LIEFERUNG / SENDUNG / BEFÖRDERUNGSMITTEL BEIM ABGANG / Kennzeichen";Prüfung;"Die Verwendung von Kleinbuchstaben ist unzulässig, wenn das Datenfeld „Art der Identifikation“ mit einem der Werte „10“ [IMO-Schiffsnummer], „20“ [Waggonnummer], „21“ [Zugnummer], „30“ [Amtliches Kennzeichen des Straßenfahrzeugs], „31“ [Amtliches Kennzeichen des Straßenanhängers], „40“ [IATA-Flugnummer], „41“ [Registriernummer des Luftfahrzeugs] oder „80“ [Einheitliche europäische Schiffsnummer (ENI-Code)] angegeben wird."
DEXPDF;"LIEFERUNG / SENDUNG / BEFÖRDERUNGSMITTEL BEIM ABGANG / Kennzeichen";Prüfmuster;".{1,35}"
DEXPDF;"LIEFERUNG / SENDUNG / BEFÖRDERUNGSMITTEL BEIM ABGANG / Staatszugehörigkeit";Prüfmuster;"[A-Z]{2}"
DEXPDF;"LIEFERUNG / SENDUNG / BEFÖRDERUNGSROUTE DER SENDUNG";Bedingung;"Die Angabe der Datengruppe ist erforderlich, wenn das Datenfeld „KOPF / Sicherheit“ mit dem Wert „2“ [Enthält die Daten einer summarischen Ausgangsanmeldung] angegeben wird."
DEXPDF;"LIEFERUNG / SENDUNG / BEFÖRDERUNGSROUTE DER SENDUNG / Sequenznummer";Prüfung;"Die Nummern dieser Datengruppen müssen lückenlos aufsteigend angegeben werden, beginnend mit „1“."
DEXPDF;"LIEFERUNG / SENDUNG / BEFÖRDERUNGSROUTE DER SENDUNG / Sequenznummer";Beschränkung;"1 - 99"
DEXPDF;"LIEFERUNG / SENDUNG / BEFÖRDERUNGSROUTE DER SENDUNG / Sequenznummer";Prüfmuster;"[1-9][0-9]{0,1}"
DEXPDF;"LIEFERUNG / SENDUNG / BEFÖRDERUNGSROUTE DER SENDUNG / Land";Prüfung;"Die Verwendung des Wertes „DE“ [Deutschland] für eines der angegebenen Länder ist erforderlich, wenn das Datenfeld „KOPF / Art der Ausfuhranmeldung“ mit keinem der Werte „•••••4••“ [Zentrale Zollabwicklung] angegeben wird."
DEXPDF;"LIEFERUNG / SENDUNG / BEFÖRDERUNGSROUTE DER SENDUNG / Land";Prüfung;"Das erste Land der Beförderungsroute muss mit einem der Datenfelder „LIEFERUNG / Ausfuhrland“ bzw. „// WARENPOSITION / Ausfuhrland“ übereinstimmen."
DEXPDF;"LIEFERUNG / SENDUNG / BEFÖRDERUNGSROUTE DER SENDUNG / Land";Prüfung;"Das letzte Land der Beförderungsroute muss mit dem Datenfeld „LIEFERUNG / Bestimmungsland“ übereinstimmen."
DEXPDF;"LIEFERUNG / SENDUNG / BEFÖRDERUNGSROUTE DER SENDUNG / Land";Prüfung;"Alle in den Datenfeldern „LIEFERUNG / Ausfuhrland“ bzw. „// WARENPOSITION / Ausfuhrland“ genannten Ausfuhrländer müssen in der Beförderungsroute genannt werden."
DEXPDF;"LIEFERUNG / SENDUNG / BEFÖRDERUNGSROUTE DER SENDUNG / Land";Prüfung;"Die Verwendung eines der Werte aus Codeliste C0248 ist erforderlich für alle nicht in einem der Datenfelder „LIEFERUNG / Ausfuhrland“ und „• / Bestimmungsland“ bzw. „// WARENPOSITION / Ausfuhrland“ genannten Länder der Beförderungsroute."
DEXPDF;"LIEFERUNG / SENDUNG / BEFÖRDERUNGSROUTE DER SENDUNG / Land";Prüfmuster;"[A-Z]{2}"
DEXPDF;"LIEFERUNG / SENDUNG / GRENZÜBERSCHREITENDES AKTIVES BEFÖRDERUNGSMITTEL";Bedingung;"Die Angabe der Datengruppe ist nur zulässig, wenn das Datenfeld „Verkehrszweig an der Grenze“ angegeben wird."
DEXPDF;"LIEFERUNG / SENDUNG / GRENZÜBERSCHREITENDES AKTIVES BEFÖRDERUNGSMITTEL";Bedingung;"Die Angabe der Datengruppe ist erforderlich, wenn das Datenfeld „Verkehrszweig an der Grenze“ mit keinem der Werte „2“ [Schienenverkehr], „5“ [Postverkehr (aktiver Verkehrszweig unbekannt)] oder „7“ [Feste Transporteinrichtung] angegeben wird."
DEXPDF;"LIEFERUNG / SENDUNG / GRENZÜBERSCHREITENDES AKTIVES BEFÖRDERUNGSMITTEL / Art der Identifikation";Prüfung;"Die erste Stelle der Identifikationsart muss mit dem Datenfeld „Verkehrszweig an der Grenze“ übereinstimmen, wenn dieses mit einem der Werte „1“ [Seeverkehr], „2“ [Schienenverkehr], „3“ [Beförderung auf der Straße], „4“ [Beförderung auf dem Luftweg] oder „8“ [Binnenschifffahrt] angegeben wird."
DEXPDF;"LIEFERUNG / SENDUNG / GRENZÜBERSCHREITENDES AKTIVES BEFÖRDERUNGSMITTEL / Art der Identifikation";Prüfmuster;"[0-9]{2}"
DEXPDF;"LIEFERUNG / SENDUNG / GRENZÜBERSCHREITENDES AKTIVES BEFÖRDERUNGSMITTEL / Kennzeichen";Prüfung;"Die Verwendung von Kleinbuchstaben ist unzulässig, wenn das Datenfeld „Art der Identifikation“ mit einem der Werte „10“ [IMO-Schiffnummer], „21“ [Zugnummer], „30“ [Amtliches Kennzeichen des Straßenfahrzeugs], „40“ [IATA-Flugnummer], „41“ [Registriernummer des Luftfahrzeugs] oder „80“ [Europäische Schiffsnummer (ENI-Code)] angegeben wird."
DEXPDF;"LIEFERUNG / SENDUNG / GRENZÜBERSCHREITENDES AKTIVES BEFÖRDERUNGSMITTEL / Kennzeichen";Prüfmuster;".{1,35}"
DEXPDF;"LIEFERUNG / SENDUNG / GRENZÜBERSCHREITENDES AKTIVES BEFÖRDERUNGSMITTEL / Staatszugehörigkeit";Prüfmuster;"[A-Z]{2}"
DEXPDF;"LIEFERUNG / SENDUNG / TRANSPORTDOKUMENT / Sequenznummer";Prüfung;"Die Nummern dieser Datengruppen müssen lückenlos aufsteigend angegeben werden, beginnend mit „1“."
DEXPDF;"LIEFERUNG / SENDUNG / TRANSPORTDOKUMENT / Sequenznummer";Beschränkung;"1 - 99"
DEXPDF;"LIEFERUNG / SENDUNG / TRANSPORTDOKUMENT / Sequenznummer";Prüfmuster;"[1-9][0-9]{0,1}"
DEXPDF;"LIEFERUNG / SENDUNG / TRANSPORTDOKUMENT / Art";Prüfung;"Die Transportdokumentarten „9ZZX“ [Sonstige Unterlagen ZELOS (Original)] und „9ZZY“ [Sonstige Unterlagen ZELOS (Kopie)] sind nicht anmeldbar."
DEXPDF;"LIEFERUNG / SENDUNG / TRANSPORTDOKUMENT / Art";Prüfung;"Die Transportdokumentarten „N720“ [Frachtbrief CIM (T1)], „C613“ [Frachtbrief CIM (T2)] und „C614“ [Frachtbrief CIM (T2F)] sind nicht anmeldbar aufgrund ihrer ausschließlich systemseitigen Erzeugung bei entsprechender Versandweiterleitung."
DEXPDF;"LIEFERUNG / SENDUNG / TRANSPORTDOKUMENT / Art";Aufbau;"TARIC-Codierung mit Ziffern:
a1 Großbuchstabe
n3 Ziffern"
DEXPDF;"LIEFERUNG / SENDUNG / TRANSPORTDOKUMENT / Art";Aufbau;"TARIC-Codierung mit Buchstaben:
a1 Großbuchstabe
a3 Großbuchstaben"
DEXPDF;"LIEFERUNG / SENDUNG / TRANSPORTDOKUMENT / Art";Aufbau;"Nationale Codierung:
n1 Ziffer
a3 Großbuchstaben"
DEXPDF;"LIEFERUNG / SENDUNG / TRANSPORTDOKUMENT / Art";Prüfmuster;"([A-Z][0-9]{3}|^[A-Z][A-Z]{3}|^[0-9][A-Z]{3})"
DEXPDF;"LIEFERUNG / SENDUNG / TRANSPORTDOKUMENT / Qualifikator";Bedingung;"Die Angabe des Datenfeldes ist erforderlich, wenn die Codeliste zu dem im Datenfeld „Art“ angegebenen Wert eine Qualifikation verlangt."
DEXPDF;"LIEFERUNG / SENDUNG / TRANSPORTDOKUMENT / Qualifikator";Bedingung;"Die Angabe des Datenfeldes ist nur zulässig, wenn die Codeliste zu dem im Datenfeld „Art“ angegebenen Wert eine Qualifikation erlaubt."
DEXPDF;"LIEFERUNG / SENDUNG / TRANSPORTDOKUMENT / Qualifikator";Prüfmuster;".{1,3}"
DEXPDF;"LIEFERUNG / SENDUNG / TRANSPORTDOKUMENT / Referenznummer";Bedingung;"Die Angabe des Datenfeldes ist erforderlich, wenn bei den ergänzenden Angaben der Codeliste I0941 die Referenz zu der in den Datenfeldern „Art“ und ggf. „Qualifikator“ angegebenen Codierung mit dem Status „R“ [Pflicht-Datenfeld] ausgewiesen ist."
DEXPDF;"LIEFERUNG / SENDUNG / TRANSPORTDOKUMENT / Referenznummer";Bedingung;"Die Angabe des Datenfeldes ist unzulässig, wenn bei den ergänzenden Angaben der Codeliste I0941 die Referenz zu der in den Datenfeldern „Art“ und ggf. „Qualifikator“ angegebenen Codierung mit dem Status „N“ [Gesperrtes Datenfeld] ausgewiesen ist."
DEXPDF;"LIEFERUNG / SENDUNG / TRANSPORTDOKUMENT / Referenznummer";Prüfmuster;".{1,70}"
DEXPDF;"LIEFERUNG / SENDUNG / BEFÖRDERUNGSKOSTEN";Bedingung;"Die Angabe der Datengruppe ist unzulässig, wenn mindestens eine Datengruppe „// WARENPOSITION / BEFÖRDERUNGSKOSTEN“ angegeben wird."
DEXPDF;"LIEFERUNG / SENDUNG / BEFÖRDERUNGSKOSTEN / Zahlungsart";Prüfmuster;"[A-Z]"
DEXPDF;"LIEFERUNG / WARENPOSITION / Sequenznummer";Prüfung;"Die Nummern dieser Datengruppen müssen lückenlos aufsteigend angegeben werden, beginnend mit „1“."
DEXPDF;"LIEFERUNG / WARENPOSITION / Sequenznummer";Beschränkung;"1 - 999"
DEXPDF;"LIEFERUNG / WARENPOSITION / Sequenznummer";Prüfmuster;"[1-9][0-9]{0,2}"
DEXPDF;"LIEFERUNG / WARENPOSITION / Positionsnummer";Prüfung;"Die Nummern dieser Datengruppen müssen lückenlos aufsteigend angegeben werden, beginnend mit „1“."
DEXPDF;"LIEFERUNG / WARENPOSITION / Positionsnummer";Beschränkung;"1 - 999"
DEXPDF;"LIEFERUNG / WARENPOSITION / Positionsnummer";Prüfmuster;"[1-9][0-9]{0,2}"
DEXPDF;"LIEFERUNG / WARENPOSITION / Statistischer Wert";Bedingung;"Die Angabe des Datenfeldes ist erforderlich, wenn das Datenfeld „KOPF / Art der Ausfuhranmeldung“ mit einem der Werte „••••••0•“ [Vollständige Anmeldung] angegeben wird."
DEXPDF;"LIEFERUNG / WARENPOSITION / Statistischer Wert";Beschränkung;"0.00 - 9999999999999999"
DEXPDF;"LIEFERUNG / WARENPOSITION / Statistischer Wert";Prüfmuster;"(?=.{1,17}\Z)(0|[1-9][0-9]{0,15})(\.[0-9]{1,2})?"
DEXPDF;"LIEFERUNG / WARENPOSITION / Art des Geschäfts";Bedingung;"Die Angabe des Datenfeldes ist unzulässig, wenn das Datenfeld „LIEFERUNG / Art des Geschäfts“ angegeben wird."
DEXPDF;"LIEFERUNG / WARENPOSITION / Art des Geschäfts";Bedingung;"Sofern vorgenanntes Kriterium nicht gegeben ist, gilt:
• Die Angabe des Datenfeldes ist erforderlich, wenn das Datenfeld „KOPF / Art der Ausfuhranmeldung“ mit einem der Werte „••••••0•“ [Vollständige Anmeldung] angegeben wird."
DEXPDF;"LIEFERUNG / WARENPOSITION / Art des Geschäfts";Prüfung;"Sofern dieses Datenfeld in allen Datengruppen „WARENPOSITION“ angegeben wird, darf der angegebene Wert nicht übergreifend identisch verwendet werden."
DEXPDF;"LIEFERUNG / WARENPOSITION / Art des Geschäfts";Prüfung;"Wenn das Datenfeld „KOPF / Art der Ausfuhranmeldung“ mit einem der Werte „•••••4••“ [Zentrale Zollabwicklung] angegeben wird, gilt:
• Die Verwendung eines der (bis zu zweistelligen) Werte aus Codeliste C0091 ist erforderlich."
DEXPDF;"LIEFERUNG / WARENPOSITION / Art des Geschäfts";Prüfung;"Sofern vorgenanntes Kriterium nicht gegeben ist, gilt:
• Die Verwendung eines der (exakt zweistelligen) Werte aus Codeliste A1150 ist erforderlich."
DEXPDF;"LIEFERUNG / WARENPOSITION / Art des Geschäfts";Aufbau;"Geschäftsvorgang anderer Mitgliedstaaten:
n..2 Schlüsselnummer (Codeliste C0091)"
DEXPDF;"LIEFERUNG / WARENPOSITION / Art des Geschäfts";Aufbau;"Deutscher Geschäftsvorgang:
n2 Schlüsselnummer (Codeliste A1150)"
DEXPDF;"LIEFERUNG / WARENPOSITION / Art des Geschäfts";Prüfmuster;"([1-9][0-9]{0,1}|^[0-9]{2})"
DEXPDF;"LIEFERUNG / WARENPOSITION / Ausfuhrland";Bedingung;"Die Angabe des Datenfeldes ist unzulässig, wenn das Datenfeld „LIEFERUNG / Ausfuhrland“ angegeben wird."
DEXPDF;"LIEFERUNG / WARENPOSITION / Ausfuhrland";Bedingung;"Sofern vorgenanntes Kriterium nicht gegeben ist, gilt:
• Die Angabe des Datenfeldes ist erforderlich und nur zulässig, wenn das Datenfeld „KOPF / Art der Ausfuhranmeldung“ mit einem der Werte „•••••9••“ [Einstufiges Verfahren] angegeben wird."
DEXPDF;"LIEFERUNG / WARENPOSITION / Ausfuhrland";Prüfung;"Der angegebene Wert darf nicht über alle Datengruppen „WARENPOSITION“ identisch verwendet werden."
DEXPDF;"LIEFERUNG / WARENPOSITION / Ausfuhrland";Prüfmuster;"[A-Z]{2}"
DEXPDF;"LIEFERUNG / WARENPOSITION / Bestimmungsland";Prüfmuster;"[A-Z]{2}"
DEXPDF;"LIEFERUNG / WARENPOSITION / Referenznummer/UCR";Bedingung;"Die Angabe des Datenfeldes ist unzulässig, wenn das Datenfeld „LIEFERUNG / SENDUNG / Referenznummer/UCR“ angegeben wird."
DEXPDF;"LIEFERUNG / WARENPOSITION / Referenznummer/UCR";Prüfung;"Sofern dieses Datenfeld in allen Datengruppen „WARENPOSITION“ angegeben wird, darf der angegebene Wert nicht übergreifend identisch verwendet werden."
DEXPDF;"LIEFERUNG / WARENPOSITION / Referenznummer/UCR";Prüfmuster;"[\x20-\x7E]{1,35}"
DEXPDF;"LIEFERUNG / WARENPOSITION / Registriernummer (extern)";Prüfmuster;".{1,70}"
DEXPDF;"LIEFERUNG / WARENPOSITION / BEWILLIGUNG";Bedingung;"Die Angabe einer Datengruppe mit dem Wert „C019“ [Passive Veredelung] in dem Datenfeld „Art“ ist erforderlich und nur zulässig, wenn das Datenfeld „KOPF / Art der Ausfuhranmeldung“ mit einem der Werte „••12••••“ [Zollrechtliche Passive Veredelung mit Antrag auf eine vereinfacht zu erteilende PV-Bewilligung] und das Datenfeld „// VERFAHREN / Vorhergehendes Verfahren“ mit dem Wert „48“ [Gleichzeitige Überlassung in den zoll- und steuerrechtlich freien Verkehr von Ersatzerzeugnissen im Rahmen der PV vor Ausfuhr der schadhaften Waren] angegeben wird."
DEXPDF;"LIEFERUNG / WARENPOSITION / BEWILLIGUNG / Sequenznummer";Prüfung;"Die Nummern dieser Datengruppen müssen lückenlos aufsteigend angegeben werden, beginnend mit „1“."
DEXPDF;"LIEFERUNG / WARENPOSITION / BEWILLIGUNG / Sequenznummer";Beschränkung;"1 - 9"
DEXPDF;"LIEFERUNG / WARENPOSITION / BEWILLIGUNG / Sequenznummer";Prüfmuster;"[1-9]"
DEXPDF;"LIEFERUNG / WARENPOSITION / BEWILLIGUNG / Art";Prüfung;"Jede Art darf nur in einer Datengruppe „BEWILLIGUNG“ verwendet werden."
DEXPDF;"LIEFERUNG / WARENPOSITION / BEWILLIGUNG / Art";Aufbau;"TARIC-Codierung:
a1 Großbuchstabe
n3 Ziffern"
DEXPDF;"LIEFERUNG / WARENPOSITION / BEWILLIGUNG / Art";Prüfmuster;"[A-Z][0-9]{3}"
DEXPDF;"LIEFERUNG / WARENPOSITION / BEWILLIGUNG / Referenznummer";Prüfung;"Die Verwendung eines der Werte aus Codeliste C0010 in den Stellen 1-2 der Bewilligungsnummer ist erforderlich."
DEXPDF;"LIEFERUNG / WARENPOSITION / BEWILLIGUNG / Referenznummer";Prüfung;"OPO-PV:
• Die Verwendung des Wertes „OPO“ [Outward Processing] in den Stellen 3-5 der Bewilligungsnummer ist erforderlich, wenn das Datenfeld „Art“ mit dem Wert „C019“ [Passive Veredelung] angegeben wird.
• Die Bewilligung muss dem als Verfahrensinhaber PV benannten Anmelder zugeordnet sein."
DEXPDF;"LIEFERUNG / WARENPOSITION / BEWILLIGUNG / Referenznummer";Prüfung;"TEA-VV:
• Die Verwendung des Wertes „TEA“ [Temporary Admission] in den Stellen 3-5 der Bewilligungsnummer ist erforderlich, wenn das Datenfeld „Art“ mit dem Wert „C516“ [Vorübergehende Verwendung] angegeben wird."
DEXPDF;"LIEFERUNG / WARENPOSITION / BEWILLIGUNG / Referenznummer";Prüfung;"IPO-AV:
• Die Verwendung des Wertes „IPO“ [Inward Processing] in den Stellen 3-5 der Bewilligungsnummer ist erforderlich, wenn das Datenfeld „Art“ mit dem Wert „C601“ [Aktive Veredelung] angegeben wird.
• Die Verwendung des Wertes „DE“ [Deutschland] in den Stellen 1-2 der Bewilligungsnummer ist erforderlich, wenn das Datenfeld „Art“ mit dem Wert „C601“ [Aktive Veredelung] und das Datenfeld „// VERFAHREN / Vorhergehendes Verfahren“ mit dem Wert „51“ [Überführung von Waren in das Verfahren der AV] angegeben wird.
• Die Verwendung des Wertes „DE“ [Deutschland] in den Stellen 1-2 der Bewilligungsnummer ist unzulässig, wenn das Datenfeld „Art“ mit dem Wert „C601“ [Aktive Veredelung] und das Datenfeld „// VERFAHREN / Vorhergehendes Verfahren“ mit dem Wert „54“ [AV in einem anderen Mitgliedstaat (ohne die Waren zuvor zum zollrechtlich freien Verkehr zu überlassen)] angegeben wird."
DEXPDF;"LIEFERUNG / WARENPOSITION / BEWILLIGUNG / Referenznummer";Prüfung;"BTI:
• Die Verwendung des Wertes „BTI“ [Binding Tariff Information] in den Stellen 3-5 der Bewilligungsnummer ist erforderlich, wenn das Datenfeld „Art“ mit dem Wert „C626“ [Verbindliche Zolltarifauskunft] angegeben wird."
DEXPDF;"LIEFERUNG / WARENPOSITION / BEWILLIGUNG / Referenznummer";Prüfung;"BOI:
• Die Verwendung des Wertes „BOI“ [Binding Origin Information] in den Stellen 3-5 der Bewilligungsnummer ist erforderlich, wenn das Datenfeld „Art“ mit dem Wert „C627“ [Verbindliche Ursprungsauskunft] angegeben wird."
DEXPDF;"LIEFERUNG / WARENPOSITION / BEWILLIGUNG / Referenznummer";Aufbau;"Deutsche Bewilligungsnummer OPO-PV:
a2 Land „DE“ [Deutschland]
a3 EU-Bewilligungsart „OPO“ [Outward Processing]
n4 Dienststellennummer ATLAS des erteilenden Hauptzollamts
a2 Nationale Bewilligungsart „PV“ [Passive Veredelung]
n6 Laufende Nummer je Dienststelle und nationaler Bewilligungsart"
DEXPDF;"LIEFERUNG / WARENPOSITION / BEWILLIGUNG / Referenznummer";Aufbau;"Deutsche Bewilligungsnummer TEA-VV:
a2 Land „DE“ [Deutschland]
a3 EU-Bewilligungsart „TEA“ [Temporary Admission]
n4 Dienststellennummer ATLAS des erteilenden Hauptzollamts
a2 Nationale Bewilligungsart „VV“ [Vorübergehende Verwendung]
n6 Laufende Nummer je Dienststelle und nationaler Bewilligungsart"
DEXPDF;"LIEFERUNG / WARENPOSITION / BEWILLIGUNG / Referenznummer";Aufbau;"Deutsche Bewilligungsnummer IPO-AV:
a2 Land „DE“ [Deutschland]
a3 EU-Bewilligungsart „IPO“ [Inward Processing]
n4 Dienststellennummer ATLAS des erteilenden Hauptzollamts
a2 Nationale Bewilligungsart „AV“ [Aktive Veredelung]
n6 Laufende Nummer je Dienststelle und nationaler Bewilligungsart"
DEXPDF;"LIEFERUNG / WARENPOSITION / BEWILLIGUNG / Referenznummer";Aufbau;"Bewilligungsnummer anderer Mitgliedstaaten:
a2 Land (Codeliste C0010), ohne „DE“ [Deutschland]
a3 EU-Bewilligungsart „OPO“ [Outward Processing], „TEA“ [Temporary Admission] oder „IPO“ [Inward Processing]
an..29 Nationale Referenznummer der Bewilligung"
DEXPDF;"LIEFERUNG / WARENPOSITION / BEWILLIGUNG / Referenznummer";Aufbau;"Entscheidungsnummer:
a2 Land (Codeliste C0010)
a3 EU-Bewilligungsart „BTI“ [Binding Tariff Information] oder „BOI“ [Binding Origin Information]
an..29 Nationale Referenznummer der Entscheidung"
DEXPDF;"LIEFERUNG / WARENPOSITION / BEWILLIGUNG / Referenznummer";Prüfmuster;"(DEOPO[0-9]{4}PV[0-9]{6}|^DETEA[0-9]{4}VV[0-9]{6}|^DEIPO[0-9]{4}AV[0-9]{6}|^(?!DE)[A-Z]{2}(OPO|TEA|IPO).{1,29}|^[A-Z]{2}(BTI|BOI).{1,29})"
DEXPDF;"LIEFERUNG / WARENPOSITION / BEWILLIGUNG / Bewilligungsinhaber";Bedingung;"Die Angabe des Datenfeldes ist erforderlich und nur zulässig, wenn das Datenfeld „Art“ mit einem der Werte „C626“ [Verbindliche Zolltarifauskunft] oder „C627“ [Verbindliche Ursprungsauskunft] angegeben wird."
DEXPDF;"LIEFERUNG / WARENPOSITION / BEWILLIGUNG / Bewilligungsinhaber";Beschränkung;"Verwendbare Nummernkreise:
• EORI-Nummer"
DEXPDF;"LIEFERUNG / WARENPOSITION / BEWILLIGUNG / Bewilligungsinhaber";Aufbau;"Deutsche EORI-Nummer aus Migration:
a2 Land „DE“ [Deutschland]
n7 Zollnummer"
DEXPDF;"LIEFERUNG / WARENPOSITION / BEWILLIGUNG / Bewilligungsinhaber";Aufbau;"EORI-Nummer anderer Mitgliedstaaten oder deutsche EORI-Nummer aus Neuvergabe:
a2 Land (Codeliste C0010)
an..15 Nationale Identifikationsnummer"
DEXPDF;"LIEFERUNG / WARENPOSITION / BEWILLIGUNG / Bewilligungsinhaber";Prüfmuster;"[A-Z]{2}[\x21-\x7E]{1,15}"
DEXPDF;"LIEFERUNG / WARENPOSITION / VERFAHREN / Beantragtes Verfahren";Prüfung;"Das Datenfeld muss in allen Datengruppen „// WARENPOSITION / VERFAHREN“ mit demselben Wert angegeben werden, wenn das Datenfeld „KOPF / Art der Ausfuhranmeldung“ mit einem der Werte „•••••4••“ [Zentrale Zollabwicklung] angegeben wird."
DEXPDF;"LIEFERUNG / WARENPOSITION / VERFAHREN / Beantragtes Verfahren";Prüfung;"Die Verwendung des Wertes „10“ [Endgültige Ausfuhr] ist erforderlich, wenn das Datenfeld „KOPF / Art der Anmeldung“ mit dem Wert „CO“ [Handel von Unionsgütern zwischen Zollgebieten, welche nicht von den Verordnungen 2006/112/EC oder 2008/118/EC erfasst sind.] angegeben wird."
DEXPDF;"LIEFERUNG / WARENPOSITION / VERFAHREN / Beantragtes Verfahren";Prüfung;"Die Verwendung des Wertes „21“ [Vorübergehende Ausfuhr im Rahmen der PV, sofern die Waren nicht unter Code 22 fallen] ist erforderlich und nur zulässig, wenn das Datenfeld „KOPF / Art der Ausfuhranmeldung“ mit einem der Werte „••1•••••“ [Zollrechtliche Passive Veredelung] angegeben wird."
DEXPDF;"LIEFERUNG / WARENPOSITION / VERFAHREN / Beantragtes Verfahren";Prüfung;"Die Verwendung des Wertes „22“ [Vorübergehende Ausfuhr zu anderen als unter Code 21 und Code 23 genannten Zwecken] ist erforderlich und nur zulässig, wenn das Datenfeld „KOPF / Art der Ausfuhranmeldung“ mit einem der Werte „••2•••••“ [Wirtschaftliche Passive Veredelung] angegeben wird."
DEXPDF;"LIEFERUNG / WARENPOSITION / VERFAHREN / Beantragtes Verfahren";Prüfung;"Die Verwendung eines der Werte „10/11/23“ ist erforderlich, wenn das Datenfeld „KOPF / Art der Ausfuhranmeldung“ mit einem der Werte „10000•00“ [Rückwirkende Ausfuhranmeldung mit Ausnahme von Passiver Veredelung und Carnet ATA] angegeben wird."
DEXPDF;"LIEFERUNG / WARENPOSITION / VERFAHREN / Beantragtes Verfahren";Prüfung;"Die Verwendung eines der Werte „10/21/22/23“ ist erforderlich, wenn ein Datenfeld „// SONSTIGER VERWEIS / Art“ mit einem der Werte „Y123/Y154/Y161/Y168“ [FGAS-Dokumente] angegeben wird."
DEXPDF;"LIEFERUNG / WARENPOSITION / VERFAHREN / Beantragtes Verfahren";Prüfung;"Die Verwendung des Wertes „31“ [Wiederausfuhr von Waren] ist erforderlich, wenn das Datenfeld „AUSFÜHRER / Identifikationsnummer“ mit einer EORI-Nummer angegeben wird und dieser Ausführer in EOS als nicht mit seinem Hauptsitz in der EU ansässig gekennzeichnet ist."
DEXPDF;"LIEFERUNG / WARENPOSITION / VERFAHREN / Beantragtes Verfahren";Prüfung;"Die Verwendung eines Wertes, der in Feld 4 der durch das zugehörige Datenfeld „BEWILLIGUNG / Referenznummer“ in Anspruch genommenen Bewilligung EIR-Ausfuhr gelistet wird, ist erforderlich, wenn das Datenfeld „KOPF / Art der Ausfuhranmeldung“ mit dem Wert „20000000“ [Monatliche Sammelanmeldung zum Vereinfachten Verfahren unter Verwendung einer Bewilligung EIR-Ausfuhr] angegeben wird."
DEXPDF;"LIEFERUNG / WARENPOSITION / VERFAHREN / Beantragtes Verfahren";Prüfung;"Die Verwendung eines Wertes, der in Feld 5 der durch das zugehörige Datenfeld „BEWILLIGUNG / Referenznummer“ in Anspruch genommenen Bewilligung SDE-Ausfuhr gelistet wird, ist erforderlich, wenn das Datenfeld „KOPF / Art der Ausfuhranmeldung“ mit einem der Werte „•••01•••“ [Vereinfachtes Verfahren SDE-Ausfuhr], nicht aber „•••014••“ [Vereinfachtes Verfahren SDE-Ausfuhr in zentraler Zollabwicklung] angegeben wird."
DEXPDF;"LIEFERUNG / WARENPOSITION / VERFAHREN / Beantragtes Verfahren";Prüfung;"Die Verwendung eines Wertes, der in Feld 4 der durch das zugehörige Datenfeld „BEWILLIGUNG / Referenznummer“ in Anspruch genommenen Bewilligung CCL-Ausfuhr / CCL-PV gelistet wird, ist erforderlich, wenn das Datenfeld „KOPF / Art der Ausfuhranmeldung“ mit einem der Werte „•••••4••“ [Zentrale Zollabwicklung] angegeben wird."
DEXPDF;"LIEFERUNG / WARENPOSITION / VERFAHREN / Beantragtes Verfahren";Prüfmuster;"[0-9]{2}"
DEXPDF;"LIEFERUNG / WARENPOSITION / VERFAHREN / Vorhergehendes Verfahren";Prüfung;"Die Verwendung des Wertes „46“ [Einfuhr von im Rahmen einer passiven Veredelung aus den Ersatzwaren hergestellten Veredelungserzeugnissen vor der Ausfuhr der Waren, die sie ersetzen• PV: Nur PV-EUSt] ist nur zulässig,
• wenn das Datenfeld „KOPF / Art der Ausfuhranmeldung“ mit einem der Werte „••11••••“ [Passive Veredelung unter Verwendung einer Bewilligung OPO-PV] angegeben wird und in der durch das zugehörige Datenfeld „BEWILLIGUNG / Referenznummer“ in Anspruch genommenen Bewilligung ein Ersatzwarenverkehr mit vorzeitiger Einfuhr bewilligt wurde."
DEXPDF;"LIEFERUNG / WARENPOSITION / VERFAHREN / Vorhergehendes Verfahren";Prüfung;"Die Verwendung des Wertes „48“ [Gleichzeitige Überlassung in den zoll- und steuerrechtlich freien Verkehr von Ersatzerzeugnissen im Rahmen der PV vor Ausfuhr der schadhaften Waren] ist nur zulässig,
• wenn das Datenfeld „KOPF / Art der Ausfuhranmeldung“ mit einem der Werte „••11••••“ [Passive Veredelung unter Verwendung einer Bewilligung OPO-PV] angegeben wird und in der durch das zugehörige Datenfeld „BEWILLIGUNG / Referenznummer“ in Anspruch genommenen Bewilligung ein Standardaustausch mit vorzeitiger Einfuhr bewilligt wurde;
• wenn das Datenfeld „KOPF / Art der Ausfuhranmeldung“ mit einem der Werte „••12••••“ [Zollrechtliche Passive Veredelung mit Antrag auf eine vereinfacht zu erteilende PV-Bewilligung] angegeben wird."
DEXPDF;"LIEFERUNG / WARENPOSITION / VERFAHREN / Vorhergehendes Verfahren";Prüfung;"Die Verwendung eines der Werte „71“ [Überführung von Waren in das Zolllagerverfahren] oder „51“ [Überführung von Waren in das Verfahren der AV] ist unzulässig, wenn das Datenfeld „KOPF / Art der Anmeldung“ mit dem Wert „CO“ [Handel von Unionsgütern zwischen Zollgebieten, welche nicht von den Verordnungen 2006/112/EC oder 2008/118/EC erfasst sind.] und das Datenfeld „LIEFERUNG / Bestimmungsland“ mit einem Wert, der nicht in Codeliste I0812 enthalten ist, angegeben wird."
DEXPDF;"LIEFERUNG / WARENPOSITION / VERFAHREN / Vorhergehendes Verfahren";Prüfmuster;"[0-9]{2}"
DEXPDF;"LIEFERUNG / WARENPOSITION / VERFAHREN / ZUSÄTZLICHES VERFAHREN";Bedingung;"Die Angabe der Datengruppe ist erforderlich, wenn die Codeliste zu den in den Datenfeldern „Beantragtes Verfahren“ und „Vorhergehendes Verfahren“ angegebenen Werten eine Ergänzung verlangt."
DEXPDF;"LIEFERUNG / WARENPOSITION / VERFAHREN / ZUSÄTZLICHES VERFAHREN";Bedingung;"Die Angabe der Datengruppe ist nur zulässig, wenn die Codeliste zu den in den Datenfeldern „Beantragtes Verfahren“ und „Vorhergehendes Verfahren“ angegebenen Werten eine Ergänzung erlaubt."
DEXPDF;"LIEFERUNG / WARENPOSITION / VERFAHREN / ZUSÄTZLICHES VERFAHREN";Bedingung;"Die Angabe einer Datengruppe mit dem Wert „F61“ [Sonstige: Bevorratung und Bebunkerung] in dem Datenfeld „Zusätzliches Verfahren“ ist erforderlich, wenn das Datenfeld „Zusätzliches Verfahren“ irgendeiner anderen Datengruppe „WARENPOSITION“ mit dem Wert „F61“ [Sonstige: Bevorratung und Bebunkerung] angegeben wird.
Die Angabe einer Datengruppe mit dem Wert „6F0“ [Lieferung/Errichtung von Windenergieanlagen] in dem Datenfeld „Zusätzliches Verfahren“ ist erforderlich, wenn das Datenfeld „Zusätzliches Verfahren“ irgendeiner anderen Datengruppe „WARENPOSITION“ mit dem Wert „6F0“ [Lieferung/Errichtung von Windenergieanlagen] angegeben wird.
Die Angabe einer Datengruppe mit dem Wert „F75“ [Waren, die im Rahmen des Handels mit steuerlichen Sondergebieten versandt werden (Art. 1 Abs. 3 des UZK)] in dem Datenfeld „Zusätzliches Verfahren“ ist erforderlich, wenn das Datenfeld „Zusätzliches Verfahren“ irgendeiner anderen Datengruppe „WARENPOSITION“ mit dem Wert „F75“ [Waren, die im Rahmen des Handels mit steuerlichen Sondergebieten versandt werden (Art. 1 Abs. 3 des UZK)] angegeben wird."
DEXPDF;"LIEFERUNG / WARENPOSITION / VERFAHREN / ZUSÄTZLICHES VERFAHREN / Sequenznummer";Beschränkung;"fix 1"
DEXPDF;"LIEFERUNG / WARENPOSITION / VERFAHREN / ZUSÄTZLICHES VERFAHREN / Sequenznummer";Prüfmuster;"1"
DEXPDF;"LIEFERUNG / WARENPOSITION / VERFAHREN / ZUSÄTZLICHES VERFAHREN / Zusätzliches Verfahren";Prüfung;"Die Verwendung des Wertes „F75“ [Waren, die im Rahmen des Handels mit steuerlichen Sondergebieten versandt werden (Art. 1 Abs. 3 des UZK)] ist nur zulässig, wenn das Datenfeld „KOPF / Art der Anmeldung“ mit dem Wert „CO“ [Handel von Unionsgütern zwischen Zollgebieten, welche nicht von den Verordnungen 2006/112/EC oder 2008/118/EC erfasst sind.] angegeben wird."
DEXPDF;"LIEFERUNG / WARENPOSITION / VERFAHREN / ZUSÄTZLICHES VERFAHREN / Zusätzliches Verfahren";Prüfung;"Die Verwendung eines der Werte „F61“ [Sonstige: Bevorratung und Bebunkerung], „6F0“ [Lieferung/Errichtung von Windenergieanlagen] oder „F75“ [Waren, die im Rahmen des Handels mit steuerlichen Sondergebieten versandt werden (Art. 1 Abs. 3 des UZK)] ist nur zulässig, wenn das Datenfeld „KOPF / Art der Ausfuhranmeldung“ mit einem der Werte „0000••••“, „10000•00“, „11000000“ [Nachträgliche Ausfuhranmeldung bei vorheriger ganz oder teilweise unrichtiger Anmeldung], „12000•00“ oder „20000000“ [Monatliche Sammelanmeldung zum Vereinfachten Verfahren unter Verwendung einer Bewilligung EIR-Ausfuhr] (Ausschluss von Passiver Veredelung und Carnet ATA) angegeben wird."
DEXPDF;"LIEFERUNG / WARENPOSITION / VERFAHREN / ZUSÄTZLICHES VERFAHREN / Zusätzliches Verfahren";Prüfmuster;"[A-Z0-9]{3}"
DEXPDF;"LIEFERUNG / WARENPOSITION / VERSENDER";Bedingung;"Die Angabe der Datengruppe ist unzulässig, wenn die Datengruppe „LIEFERUNG / SENDUNG / VERSENDER“ angegeben wird."
DEXPDF;"LIEFERUNG / WARENPOSITION / VERSENDER";Prüfung;"Sofern diese Datengruppe in allen Datengruppen „WARENPOSITION“ angegeben wird, darf die Gesamtheit der in den Datenfeldern und Untergruppen angegebenen Werte nicht übergreifend identisch sein."
DEXPDF;"LIEFERUNG / WARENPOSITION / VERSENDER / Identifikationsnummer";Bedingung;"Die Angabe des Datenfeldes ist erforderlich und nur zulässig, wenn das Datenfeld „Name“ und die Datengruppe „ADRESSE“ nicht angegeben werden."
DEXPDF;"LIEFERUNG / WARENPOSITION / VERSENDER / Identifikationsnummer";Beschränkung;"Verwendbare Nummernkreise:
• EORI-Nummer
• TCUI-Nummer"
DEXPDF;"LIEFERUNG / WARENPOSITION / VERSENDER / Identifikationsnummer";Aufbau;"Deutsche EORI-Nummer aus Migration:
a2 Land „DE“ [Deutschland]
n7 Zollnummer"
DEXPDF;"LIEFERUNG / WARENPOSITION / VERSENDER / Identifikationsnummer";Aufbau;"EORI-Nummer anderer Mitgliedstaaten oder deutsche EORI-Nummer aus Neuvergabe:
a2 Land (Codeliste C0010)
an..15 Nationale Identifikationsnummer"
DEXPDF;"LIEFERUNG / WARENPOSITION / VERSENDER / Identifikationsnummer";Aufbau;"TCUI-Nummer:
a2 Land
an..15 Nationale oder von der EU zugeordnete Identifikationsnummer"
DEXPDF;"LIEFERUNG / WARENPOSITION / VERSENDER / Identifikationsnummer";Prüfmuster;"[A-Z]{2}[\x21-\x7E]{1,15}"
DEXPDF;"LIEFERUNG / WARENPOSITION / VERSENDER / Niederlassungsnummer";Bedingung;"Die Angabe des Datenfeldes ist erforderlich und nur zulässig, wenn das Datenfeld „Identifikationsnummer“ als EORI-Nummer angegeben wird."
DEXPDF;"LIEFERUNG / WARENPOSITION / VERSENDER / Niederlassungsnummer";Prüfmuster;"[0-9]{4}"
DEXPDF;"LIEFERUNG / WARENPOSITION / VERSENDER / Name";Bedingung;"Die Angabe des Datenfeldes ist erforderlich und nur zulässig, wenn das Datenfeld „Identifikationsnummer“ nicht angegeben wird."
DEXPDF;"LIEFERUNG / WARENPOSITION / VERSENDER / Name";Prüfmuster;".{1,70}"
DEXPDF;"LIEFERUNG / WARENPOSITION / VERSENDER / ADRESSE";Bedingung;"Die Angabe der Datengruppe ist erforderlich und nur zulässig, wenn das Datenfeld „Identifikationsnummer“ nicht angegeben wird."
DEXPDF;"LIEFERUNG / WARENPOSITION / VERSENDER / ADRESSE / Straße und Hausnummer";Prüfmuster;".{1,70}"
DEXPDF;"LIEFERUNG / WARENPOSITION / VERSENDER / ADRESSE / Postleitzahl";Bedingung;"Die Angabe des Datenfeldes ist erforderlich, wenn das Datenfeld „Land“ mit keinem der Werte aus Codeliste C0505 angegeben wird."
DEXPDF;"LIEFERUNG / WARENPOSITION / VERSENDER / ADRESSE / Postleitzahl";Prüfung;"Die Verwendung eines exakt fünfstelligen, numerischen Wertes ist erforderlich, wenn das Datenfeld „Land“ mit dem Wert „DE“ [Deutschland] angegeben wird."
DEXPDF;"LIEFERUNG / WARENPOSITION / VERSENDER / ADRESSE / Postleitzahl";Aufbau;"Deutsche Postleitzahl:
n5 5 Ziffern"
DEXPDF;"LIEFERUNG / WARENPOSITION / VERSENDER / ADRESSE / Postleitzahl";Prüfmuster;".{1,17}"
DEXPDF;"LIEFERUNG / WARENPOSITION / VERSENDER / ADRESSE / Ort";Prüfmuster;".{1,35}"
DEXPDF;"LIEFERUNG / WARENPOSITION / VERSENDER / ADRESSE / Land";Prüfmuster;"[A-Z]{2}"
DEXPDF;"LIEFERUNG / WARENPOSITION / EMPFÄNGER";Bedingung;"Die Angabe der Datengruppe ist unzulässig, wenn die Datengruppe „LIEFERUNG / SENDUNG / EMPFÄNGER“ angegeben wird."
DEXPDF;"LIEFERUNG / WARENPOSITION / EMPFÄNGER";Bedingung;"Sofern vorgenannte Kriterien nicht gegeben sind, gilt:
• Die Angabe der Datengruppe ist erforderlich, wenn das Datenfeld „KOPF / Art der Ausfuhranmeldung“ mit einem der Werte „••••••0•“ [Vollständige Anmeldung] angegeben wird.
• Die Angabe der Datengruppe ist erforderlich, wenn das Datenfeld „KOPF / Beteiligten-Konstellation“ mit einem der Werte „••0•“ [Anmelder lässt sich nicht direkt vertreten] oder „•••0“ [Ausführer beauftragt keinen Subunternehmer] angegeben wird.
• Die Angabe der Datengruppe ist erforderlich, wenn das Datenfeld „LIEFERUNG / Bestimmungsland“ mit einem der Werte aus Codeliste I0810 angegeben wird.
• Die Angabe der Datengruppe ist erforderlich, wenn mindestens eine Datengruppe „// WARENPOSITION / UNTERLAGE“ mit einem der Werte aus den Codelisten I0952 oder I0953 in den Datenfeldern „Art“ und ggf. „Qualifikator“ angegeben wird.
• Die Angabe der Datengruppe ist erforderlich, wenn mindestens eine Datengruppe „// WARENPOSITION / UNTERLAGE“ oder „// WARENPOSITION / SONSTIGER VERWEIS“ mit einem der Werte aus Codeliste I0971 in dem Datenfeld „Art“ angegeben wird."
DEXPDF;"LIEFERUNG / WARENPOSITION / EMPFÄNGER";Prüfung;"Sofern diese Datengruppe in allen Datengruppen „WARENPOSITION“ angegeben wird, darf die Gesamtheit der in den Datenfeldern und Untergruppen angegebenen Werte nicht übergreifend identisch sein."
DEXPDF;"LIEFERUNG / WARENPOSITION / EMPFÄNGER / Identifikationsnummer";Bedingung;"Die Angabe des Datenfeldes ist erforderlich und nur zulässig, wenn das Datenfeld „Name“ und die Datengruppe „ADRESSE“ nicht angegeben werden."
DEXPDF;"LIEFERUNG / WARENPOSITION / EMPFÄNGER / Identifikationsnummer";Beschränkung;"Verwendbare Nummernkreise:
• EORI-Nummer
• TCUI-Nummer"
DEXPDF;"LIEFERUNG / WARENPOSITION / EMPFÄNGER / Identifikationsnummer";Aufbau;"Deutsche EORI-Nummer aus Migration:
a2 Land „DE“ [Deutschland]
n7 Zollnummer"
DEXPDF;"LIEFERUNG / WARENPOSITION / EMPFÄNGER / Identifikationsnummer";Aufbau;"EORI-Nummer anderer Mitgliedstaaten oder deutsche EORI-Nummer aus Neuvergabe:
a2 Land (Codeliste C0010)
an..15 Nationale Identifikationsnummer"
DEXPDF;"LIEFERUNG / WARENPOSITION / EMPFÄNGER / Identifikationsnummer";Aufbau;"TCUI-Nummer:
a2 Land
an..15 Nationale oder von der EU zugeordnete Identifikationsnummer"
DEXPDF;"LIEFERUNG / WARENPOSITION / EMPFÄNGER / Identifikationsnummer";Prüfmuster;"[A-Z]{2}[\x21-\x7E]{1,15}"
DEXPDF;"LIEFERUNG / WARENPOSITION / EMPFÄNGER / Niederlassungsnummer";Bedingung;"Die Angabe des Datenfeldes ist erforderlich und nur zulässig, wenn das Datenfeld „Identifikationsnummer“ als EORI-Nummer angegeben wird."
DEXPDF;"LIEFERUNG / WARENPOSITION / EMPFÄNGER / Niederlassungsnummer";Prüfmuster;"[0-9]{4}"
DEXPDF;"LIEFERUNG / WARENPOSITION / EMPFÄNGER / Name";Bedingung;"Die Angabe des Datenfeldes ist erforderlich und nur zulässig, wenn das Datenfeld „Identifikationsnummer“ nicht angegeben wird."
DEXPDF;"LIEFERUNG / WARENPOSITION / EMPFÄNGER / Name";Prüfmuster;".{1,70}"
DEXPDF;"LIEFERUNG / WARENPOSITION / EMPFÄNGER / ADRESSE";Bedingung;"Die Angabe der Datengruppe ist erforderlich und nur zulässig, wenn das Datenfeld „Identifikationsnummer“ nicht angegeben wird."
DEXPDF;"LIEFERUNG / WARENPOSITION / EMPFÄNGER / ADRESSE / Straße und Hausnummer";Prüfmuster;".{1,70}"
DEXPDF;"LIEFERUNG / WARENPOSITION / EMPFÄNGER / ADRESSE / Postleitzahl";Bedingung;"Die Angabe des Datenfeldes ist erforderlich, wenn das Datenfeld „Land“ mit keinem der Werte aus Codeliste C0505 angegeben wird."
DEXPDF;"LIEFERUNG / WARENPOSITION / EMPFÄNGER / ADRESSE / Postleitzahl";Prüfung;"Die Verwendung eines exakt fünfstelligen, numerischen Wertes ist erforderlich, wenn das Datenfeld „Land“ mit dem Wert „DE“ [Deutschland] angegeben wird."
DEXPDF;"LIEFERUNG / WARENPOSITION / EMPFÄNGER / ADRESSE / Postleitzahl";Aufbau;"Deutsche Postleitzahl:
n5 5 Ziffern"
DEXPDF;"LIEFERUNG / WARENPOSITION / EMPFÄNGER / ADRESSE / Postleitzahl";Prüfmuster;".{1,17}"
DEXPDF;"LIEFERUNG / WARENPOSITION / EMPFÄNGER / ADRESSE / Ort";Prüfmuster;".{1,35}"
DEXPDF;"LIEFERUNG / WARENPOSITION / EMPFÄNGER / ADRESSE / Land";Prüfmuster;"[A-Z]{2}"
DEXPDF;"LIEFERUNG / WARENPOSITION / LIEFERKETTEN-BETEILIGTER / Sequenznummer";Prüfung;"Die Nummern dieser Datengruppen müssen lückenlos aufsteigend angegeben werden, jeweils neu beginnend mit „1“ für jede Datengruppe „WARENPOSITION“."
DEXPDF;"LIEFERUNG / WARENPOSITION / LIEFERKETTEN-BETEILIGTER / Sequenznummer";Beschränkung;"1 - 99"
DEXPDF;"LIEFERUNG / WARENPOSITION / LIEFERKETTEN-BETEILIGTER / Sequenznummer";Prüfmuster;"[1-9][0-9]{0,1}"
DEXPDF;"LIEFERUNG / WARENPOSITION / LIEFERKETTEN-BETEILIGTER / Funktion";Prüfmuster;"[A-Z]{1,3}"
DEXPDF;"LIEFERUNG / WARENPOSITION / LIEFERKETTEN-BETEILIGTER / Identifikationsnummer";Beschränkung;"Verwendbare Nummernkreise:
• EORI-Nummer
• TCUI-Nummer"
DEXPDF;"LIEFERUNG / WARENPOSITION / LIEFERKETTEN-BETEILIGTER / Identifikationsnummer";Aufbau;"Deutsche EORI-Nummer aus Migration:
a2 Land „DE“ [Deutschland]
n7 Zollnummer"
DEXPDF;"LIEFERUNG / WARENPOSITION / LIEFERKETTEN-BETEILIGTER / Identifikationsnummer";Aufbau;"EORI-Nummer anderer Mitgliedstaaten oder deutsche EORI-Nummer aus Neuvergabe:
a2 Land (Codeliste C0010)
an..15 Nationale Identifikationsnummer"
DEXPDF;"LIEFERUNG / WARENPOSITION / LIEFERKETTEN-BETEILIGTER / Identifikationsnummer";Aufbau;"TCUI-Nummer:
a2 Land
an..15 Nationale oder von der EU zugeordnete Identifikationsnummer"
DEXPDF;"LIEFERUNG / WARENPOSITION / LIEFERKETTEN-BETEILIGTER / Identifikationsnummer";Prüfmuster;"[A-Z]{2}[\x21-\x7E]{1,15}"
DEXPDF;"LIEFERUNG / WARENPOSITION / URSPRUNG";Bedingung;"Die Angabe der Datengruppe ist erforderlich, wenn das Datenfeld „KOPF / Art der Ausfuhranmeldung“ mit einem der Werte „••••••0•“ [Vollständige Anmeldung] angegeben wird."
DEXPDF;"LIEFERUNG / WARENPOSITION / URSPRUNG";Bedingung;"Die Angabe der Datengruppe ist erforderlich, wenn das Datenfeld „KOPF / Art der Ausfuhranmeldung“ mit einem der Werte „•••••4••“ [Zentrale Zollabwicklung], das Datenfeld Datenfeld „KOPF / Art der Anmeldung“ mit dem Wert „EX“ [Ausfuhr oder Wiederausfuhr von Gütern außerhalb des Zollgebiets der Union] und das Datenfeld „// VERFAHREN / Beantragtes Verfahren“ mit einem der Werte „21/22“ angegeben wird."
DEXPDF;"LIEFERUNG / WARENPOSITION / URSPRUNG / Ursprungsland";Prüfmuster;"[A-Z]{2}"
DEXPDF;"LIEFERUNG / WARENPOSITION / URSPRUNG / Versendungsregion";Bedingung;"Die Angabe des Datenfeldes ist erforderlich, wenn das Datenfeld „KOPF / Art der Ausfuhranmeldung“ mit keinem der Werte „•••••4••“ [Zentrale Zollabwicklung] angegeben wird."
DEXPDF;"LIEFERUNG / WARENPOSITION / URSPRUNG / Versendungsregion";Prüfung;"Wenn das Datenfeld „KOPF / Art der Ausfuhranmeldung“ mit keinem der Werte „•••••4••“ [Zentrale Zollabwicklung] angegeben wird, gilt:
• Die Verwendung eines der (exakt zweistelligen) Werte aus Codeliste A1270 ist erforderlich.
• Die Verwendung des Wertes „99“ [Ursprungsausland] ist erforderlich und nur zulässig, wenn das Datenfeld „Ursprungsland“ mit einem anderen Wert als „DE“ [Deutschland] angegeben wird."
DEXPDF;"LIEFERUNG / WARENPOSITION / URSPRUNG / Versendungsregion";Beschränkung;"Verwendbare Kennungen:
• Deutsche Bundesländer bzw. Ursprungsausland
• Andere Kennung, die nach Maßgabe anderer Behörden die Region eindeutig identifiziert"
DEXPDF;"LIEFERUNG / WARENPOSITION / URSPRUNG / Versendungsregion";Aufbau;"Deutsches Bundesland:
n2 Kennzahl (Codeliste A1270)"
DEXPDF;"LIEFERUNG / WARENPOSITION / URSPRUNG / Versendungsregion";Prüfmuster;"([0-9]{2}|^[\x20-\x7E]{1,9})"
DEXPDF;"LIEFERUNG / WARENPOSITION / WARE / Warenbezeichnung";Prüfmuster;".{1,512}"
DEXPDF;"LIEFERUNG / WARENPOSITION / WARE / CUS-Nummer";Prüfmuster;"[0-9]{7}-[0-9]"
DEXPDF;"LIEFERUNG / WARENPOSITION / WARE / WARENNUMMER / Unterposition des Harmonisierten Systems";Prüfung;"Die Verwendung eines der Werte aus Codeliste C0152 ist erforderlich, wenn das Datenfeld „VORGESEHENE AUSGANGSZOLLSTELLE / Referenznummer“ mit keinem der Werte aus Codeliste D0194 angegeben wird."
DEXPDF;"LIEFERUNG / WARENPOSITION / WARE / WARENNUMMER / Unterposition des Harmonisierten Systems";Prüfmuster;"[0-9]{6}"
DEXPDF;"LIEFERUNG / WARENPOSITION / WARE / WARENNUMMER / Unterposition der Kombinierten Nomenklatur";Prüfung;"Wenn das Datenfeld „KOPF / Art der Ausfuhranmeldung“ mit einem der Werte „•••••4••“ [Zentrale Zollabwicklung] angegeben wird, gilt:
• Die kombinierte Warennummer muss in Feld 7 der durch das zugehörige Datenfeld „BEWILLIGUNG / Referenznummer“ in Anspruch genommenen Bewilligung gelistet sein.
• Die kombinierte Warennummer darf in der durch das zugehörige Datenfeld „BEWILLIGUNG / Referenznummer“ in Anspruch genommenen Bewilligung für den Mitgliedstaat des mit dem Datenfeld „LIEFERUNG / Ausfuhrland“ bzw. „LIEFERUNG / WARENPOSITION / Ausfuhrland“ benannten Ausfuhrlands nicht ausgeschlossen sein."
DEXPDF;"LIEFERUNG / WARENPOSITION / WARE / WARENNUMMER / Unterposition der Kombinierten Nomenklatur";Prüfung;"Wenn das Datenfeld „KOPF / Art der Anmeldung“ mit dem Wert „EX“ [Ausfuhr oder Wiederausfuhr von Gütern außerhalb des Zollgebiets der Union] und das Datenfeld „KOPF / Art der Ausfuhranmeldung“ mit einem der Werte „•••01•••“ [Vereinfachtes Verfahren SDE-Ausfuhr] angegeben wird, gilt:
• Die kombinierte Warennummer muss in Feld 7 der durch das zugehörige Datenfeld „BEWILLIGUNG / Referenznummer“ in Anspruch genommenen Bewilligung gelistet sein."
DEXPDF;"LIEFERUNG / WARENPOSITION / WARE / WARENNUMMER / Unterposition der Kombinierten Nomenklatur";Prüfung;"Wenn das Datenfeld „KOPF / Art der Ausfuhranmeldung“ mit einem der Werte „••11••••“ [Passive Veredelung unter Verwendung einer Bewilligung OPO-PV] angegeben wird, gilt:
• Die kombinierte Warennummer muss in Feld 5 der durch das zugehörige Datenfeld „BEWILLIGUNG / Referenznummer“ in Anspruch genommenen Bewilligung gelistet sein."
DEXPDF;"LIEFERUNG / WARENPOSITION / WARE / WARENNUMMER / Unterposition der Kombinierten Nomenklatur";Prüfung;"Wenn das Datenfeld „KOPF / Art der Ausfuhranmeldung“ mit einem der Werte „••111•••“ [Vereinfachtes Verfahren SDE-PV] angegeben wird, gilt:
• Die kombinierte Warennummer darf in der durch das zugehörige Datenfeld „BEWILLIGUNG / Referenznummer“ in Anspruch genommenen Bewilligung nicht vom Anschreibeverfahren ausgeschlossen sein.
• Die kombinierte Warennummer muss in Feld 6 der durch das zugehörige Datenfeld „BEWILLIGUNG / Referenznummer“ in Anspruch genommenen Bewilligung gelistet sein."
DEXPDF;"LIEFERUNG / WARENPOSITION / WARE / WARENNUMMER / Unterposition der Kombinierten Nomenklatur";Prüfung;"Wenn das Datenfeld „KOPF / Art der Anmeldung“ mit dem Wert „EX“ [Ausfuhr oder Wiederausfuhr von Gütern außerhalb des Zollgebiets der Union] und das Datenfeld „KOPF / Art der Ausfuhranmeldung“ mit dem Wert „20000000“ [Monatliche Sammelanmeldung zum Vereinfachten Verfahren unter Verwendung einer Bewilligung EIR-Ausfuhr] angegeben wird, gilt:
• Die kombinierte Warennummer muss in Feld 6 der durch das zugehörige Datenfeld „BEWILLIGUNG / Referenznummer“ in Anspruch genommenen Bewilligung gelistet sein."
DEXPDF;"LIEFERUNG / WARENPOSITION / WARE / WARENNUMMER / Unterposition der Kombinierten Nomenklatur";Prüfung;"Die kombinierten Warennummern „99302400“, „99302700“ und „99309900“ sind nur zulässig, wenn die angemeldeten Waren nicht verbrauchsteuerpflichtig sind und das Datenfeld „LIEFERUNG / Bestimmungsland“ mit einem der Werte „QQ“ [Schiffs- und Luftfahrzeugbedarf], „QR“ [Schiffs- u. Luftfahrzeugbedarf (EU)] oder „QS“ [Schiffs- u. Luftfzbedarf(Drittland)] angegeben wird."
DEXPDF;"LIEFERUNG / WARENPOSITION / WARE / WARENNUMMER / Unterposition der Kombinierten Nomenklatur";Prüfung;"Die kombinierten Warennummern „99312400“, „99312700“ und „99319900“ sind nur zulässig, wenn die angemeldeten Waren nicht verbrauchsteuerpflichtig sind und das Datenfeld „LIEFERUNG / Bestimmungsland“ mit einem der Werte „QU“ [Nicht erm. Länder und Gebiete] oder „QV“ [Nicht erm. Länder und Gebiete (EU)], nicht aber das Datenfeld „// VERFAHREN / ZUSÄTZLICHES VERFAHREN / Zusätzliches Verfahren“ mit dem Wert „6F0“ [Lieferung/Errichtung von Windenergieanlagen] angegeben wird."
DEXPDF;"LIEFERUNG / WARENPOSITION / WARE / WARENNUMMER / Unterposition der Kombinierten Nomenklatur";Prüfmuster;"[0-9]{2}"
DEXPDF;"LIEFERUNG / WARENPOSITION / WARE / WARENNUMMER / TARIC-ZUSATZCODE / Sequenznummer";Prüfung;"Die Nummern dieser Datengruppen müssen lückenlos aufsteigend angegeben werden, jeweils neu beginnend mit „1“ für jede Datengruppe „WARENPOSITION“."
DEXPDF;"LIEFERUNG / WARENPOSITION / WARE / WARENNUMMER / TARIC-ZUSATZCODE / Sequenznummer";Beschränkung;"1 - 99"
DEXPDF;"LIEFERUNG / WARENPOSITION / WARE / WARENNUMMER / TARIC-ZUSATZCODE / Sequenznummer";Prüfmuster;"[1-9][0-9]{0,1}"
DEXPDF;"LIEFERUNG / WARENPOSITION / WARE / WARENNUMMER / TARIC-ZUSATZCODE / TARIC-Zusatzcode";Prüfmuster;"[0-9]{4}"
DEXPDF;"LIEFERUNG / WARENPOSITION / WARE / WARENNUMMER / NATIONALER ZUSATZCODE / Sequenznummer";Prüfung;"Die Nummern dieser Datengruppen müssen lückenlos aufsteigend angegeben werden, jeweils neu beginnend mit „1“ für jede Datengruppe „WARENPOSITION“."
DEXPDF;"LIEFERUNG / WARENPOSITION / WARE / WARENNUMMER / NATIONALER ZUSATZCODE / Sequenznummer";Beschränkung;"1 - 99"
DEXPDF;"LIEFERUNG / WARENPOSITION / WARE / WARENNUMMER / NATIONALER ZUSATZCODE / Sequenznummer";Prüfmuster;"[1-9][0-9]{0,1}"
DEXPDF;"LIEFERUNG / WARENPOSITION / WARE / WARENNUMMER / NATIONALER ZUSATZCODE / Nationaler Zusatzcode";Prüfmuster;".{1,4}"
DEXPDF;"LIEFERUNG / WARENPOSITION / WARE / GEFAHRGUT / Sequenznummer";Prüfung;"Die Nummern dieser Datengruppen müssen lückenlos aufsteigend angegeben werden, jeweils neu beginnend mit „1“ für jede Datengruppe „WARENPOSITION“."
DEXPDF;"LIEFERUNG / WARENPOSITION / WARE / GEFAHRGUT / Sequenznummer";Beschränkung;"1 - 99"
DEXPDF;"LIEFERUNG / WARENPOSITION / WARE / GEFAHRGUT / Sequenznummer";Prüfmuster;"[1-9][0-9]{0,1}"
DEXPDF;"LIEFERUNG / WARENPOSITION / WARE / GEFAHRGUT / UN-Nummer";Prüfmuster;"[0-9]{4}"
DEXPDF;"LIEFERUNG / WARENPOSITION / WARE / VERMESSUNG / Rohmasse";Prüfung;"Die Verwendung des Wertes „0“ ist nur zulässig, wenn das Datenfeld „// SENDUNG / Verkehrszweig an der Grenze“ mit dem Wert „7“ [Feste Transporteinrichtung] oder mindestens ein anderes Datenfeld „Rohmasse“ mit einem Wert ungleich „0“ angegeben wird."
DEXPDF;"LIEFERUNG / WARENPOSITION / WARE / VERMESSUNG / Rohmasse";Prüfung;"Die Verwendung des Wertes „0“ ist erforderlich, wenn das Datenfeld „Eigenmasse“ mit dem Wert „0“ angegeben wird."
DEXPDF;"LIEFERUNG / WARENPOSITION / WARE / VERMESSUNG / Rohmasse";Prüfung;"Die Verwendung des Wertes „0“ ist erforderlich, wenn in den Datenfeldern „// VERPACKUNG / Anzahl der Packstücke“ dieser Datengruppe „WARENPOSITION“ der Wert „0“ [Beipack] angegeben wird."
DEXPDF;"LIEFERUNG / WARENPOSITION / WARE / VERMESSUNG / Rohmasse";Prüfung;"Die Rohmasse muss größer oder gleich der Eigenmasse sein, sofern sie nicht mit dem Wert „0“ angegeben wird."
DEXPDF;"LIEFERUNG / WARENPOSITION / WARE / VERMESSUNG / Rohmasse";Prüfung;"Die Summe aller Datenfelder „Rohmasse“ darf nicht kleiner sein als die Summe aller Datenfelder „Eigenmasse“."
DEXPDF;"LIEFERUNG / WARENPOSITION / WARE / VERMESSUNG / Rohmasse";Beschränkung;"0.000 - 9999999999999999"
DEXPDF;"LIEFERUNG / WARENPOSITION / WARE / VERMESSUNG / Rohmasse";Prüfmuster;"(?=.{1,17}\Z)(0|[1-9][0-9]{0,15})(\.[0-9]{1,3})?"
DEXPDF;"LIEFERUNG / WARENPOSITION / WARE / VERMESSUNG / Eigenmasse";Prüfung;"Die Verwendung des Wertes „0“ ist nur zulässig, wenn das Datenfeld „// SENDUNG / Verkehrszweig an der Grenze“ mit dem Wert „7“ [Feste Transporteinrichtung] angegeben wird."
DEXPDF;"LIEFERUNG / WARENPOSITION / WARE / VERMESSUNG / Eigenmasse";Beschränkung;"0.000000 - 9999999999999999"
DEXPDF;"LIEFERUNG / WARENPOSITION / WARE / VERMESSUNG / Eigenmasse";Prüfmuster;"(?=.{1,17}\Z)(0|[1-9][0-9]{0,15})(\.[0-9]{1,6})?"
DEXPDF;"LIEFERUNG / WARENPOSITION / WARE / VERMESSUNG / Menge in besonderer Maßeinheit";Bedingung;"Die Angabe des Datenfeldes ist erforderlich, wenn im EZT zu der in den Datenfeldern „// WARENNUMMER / Unterposition des Harmonisierten Systems“ und „• / Unterposition der Kombinierten Nomenklatur“ angegebenen Warennummer eine Besondere Maßeinheit vorgesehen ist und das Datenfeld „KOPF / Art der Ausfuhranmeldung“ mit einem der Werte „••••••0•“ [Vollständige Anmeldung] angegeben wird."
DEXPDF;"LIEFERUNG / WARENPOSITION / WARE / VERMESSUNG / Menge in besonderer Maßeinheit";Bedingung;"Die Angabe des Datenfeldes ist unzulässig, wenn im EZT zu der in den Datenfeldern „// WARENNUMMER / Unterposition des Harmonisierten Systems“ und „• / Unterposition der Kombinierten Nomenklatur“ angegebenen Warennummer keine Besondere Maßeinheit vorgesehen ist."
DEXPDF;"LIEFERUNG / WARENPOSITION / WARE / VERMESSUNG / Menge in besonderer Maßeinheit";Prüfung;"Die Verwendung eines ganzzahligen Wertes ist erforderlich, wenn im EZT zur angegebenen Warennummer das Feld „Maßeinheit“ mit einem der Werte „NAR“ [Anzahl Stück], „NCL“ [Anzahl Zellen] oder „NPR“ [Anzahl Paar] angegeben ist."
DEXPDF;"LIEFERUNG / WARENPOSITION / WARE / VERMESSUNG / Menge in besonderer Maßeinheit";Beschränkung;"0.000001 - 9999999999999999"
DEXPDF;"LIEFERUNG / WARENPOSITION / WARE / VERMESSUNG / Menge in besonderer Maßeinheit";Prüfmuster;"(?!0\.?0*\Z)(?=.{1,17}\Z)(0|[1-9][0-9]{0,15})(\.[0-9]{1,6})?"
DEXPDF;"LIEFERUNG / WARENPOSITION / WARE / ABGABENBERECHNUNG / Gesamtabgabenbetrag";Beschränkung;"0.00 - 9999999999999999"
DEXPDF;"LIEFERUNG / WARENPOSITION / WARE / ABGABENBERECHNUNG / Gesamtabgabenbetrag";Prüfmuster;"(?=.{1,17}\Z)(0|[1-9][0-9]{0,15})(\.[0-9]{1,2})?"
DEXPDF;"LIEFERUNG / WARENPOSITION / WARE / ABGABENBERECHNUNG / ZÖLLE UND ABGABEN / Sequenznummer";Beschränkung;"1 - 99"
DEXPDF;"LIEFERUNG / WARENPOSITION / WARE / ABGABENBERECHNUNG / ZÖLLE UND ABGABEN / Sequenznummer";Prüfmuster;"[1-9][0-9]{0,1}"
DEXPDF;"LIEFERUNG / WARENPOSITION / WARE / ABGABENBERECHNUNG / ZÖLLE UND ABGABEN / Art der Abgabe";Prüfmuster;"[A-Z0-9]{3}"
DEXPDF;"LIEFERUNG / WARENPOSITION / WARE / ABGABENBERECHNUNG / ZÖLLE UND ABGABEN / Geschuldeter Abgabenbetrag";Beschränkung;"0.00 - 9999999999999999"
DEXPDF;"LIEFERUNG / WARENPOSITION / WARE / ABGABENBERECHNUNG / ZÖLLE UND ABGABEN / Geschuldeter Abgabenbetrag";Prüfmuster;"(?=.{1,17}\Z)(0|[1-9][0-9]{0,15})(\.[0-9]{1,2})?"
DEXPDF;"LIEFERUNG / WARENPOSITION / WARE / ABGABENBERECHNUNG / ZÖLLE UND ABGABEN / Zahlungsart";Prüfmuster;"[A-Z]"
DEXPDF;"LIEFERUNG / WARENPOSITION / WARE / ABGABENBERECHNUNG / ZÖLLE UND ABGABEN / BEMESSUNGSGRUNDLAGE / Sequenznummer";Beschränkung;"1 - 99"
DEXPDF;"LIEFERUNG / WARENPOSITION / WARE / ABGABENBERECHNUNG / ZÖLLE UND ABGABEN / BEMESSUNGSGRUNDLAGE / Sequenznummer";Prüfmuster;"[1-9][0-9]{0,1}"
DEXPDF;"LIEFERUNG / WARENPOSITION / WARE / ABGABENBERECHNUNG / ZÖLLE UND ABGABEN / BEMESSUNGSGRUNDLAGE / Abgabensatz";Beschränkung;"0.001 - 99999999999999999"
DEXPDF;"LIEFERUNG / WARENPOSITION / WARE / ABGABENBERECHNUNG / ZÖLLE UND ABGABEN / BEMESSUNGSGRUNDLAGE / Abgabensatz";Prüfmuster;"(?!0\.?0*\Z)(?=.{1,18}\Z)(0|[1-9][0-9]{0,16})(\.[0-9]{1,3})?"
DEXPDF;"LIEFERUNG / WARENPOSITION / WARE / ABGABENBERECHNUNG / ZÖLLE UND ABGABEN / BEMESSUNGSGRUNDLAGE / Maßeinheit";Prüfmuster;".{1,4}"
DEXPDF;"LIEFERUNG / WARENPOSITION / WARE / ABGABENBERECHNUNG / ZÖLLE UND ABGABEN / BEMESSUNGSGRUNDLAGE / Menge";Beschränkung;"0.000001 - 9999999999999999"
DEXPDF;"LIEFERUNG / WARENPOSITION / WARE / ABGABENBERECHNUNG / ZÖLLE UND ABGABEN / BEMESSUNGSGRUNDLAGE / Menge";Prüfmuster;"(?!0\.?0*\Z)(?=.{1,17}\Z)(0|[1-9][0-9]{0,15})(\.[0-9]{1,6})?"
DEXPDF;"LIEFERUNG / WARENPOSITION / WARE / ABGABENBERECHNUNG / ZÖLLE UND ABGABEN / BEMESSUNGSGRUNDLAGE / Betrag";Beschränkung;"0.01 - 9999999999999999"
DEXPDF;"LIEFERUNG / WARENPOSITION / WARE / ABGABENBERECHNUNG / ZÖLLE UND ABGABEN / BEMESSUNGSGRUNDLAGE / Betrag";Prüfmuster;"(?!0\.?0*\Z)(?=.{1,17}\Z)(0|[1-9][0-9]{0,15})(\.[0-9]{1,2})?"
DEXPDF;"LIEFERUNG / WARENPOSITION / WARE / ABGABENBERECHNUNG / ZÖLLE UND ABGABEN / BEMESSUNGSGRUNDLAGE / Abgabenbetrag";Beschränkung;"0.00 - 9999999999999999"
DEXPDF;"LIEFERUNG / WARENPOSITION / WARE / ABGABENBERECHNUNG / ZÖLLE UND ABGABEN / BEMESSUNGSGRUNDLAGE / Abgabenbetrag";Prüfmuster;"(?=.{1,17}\Z)(0|[1-9][0-9]{0,15})(\.[0-9]{1,2})?"
DEXPDF;"LIEFERUNG / WARENPOSITION / VERPACKUNG / Sequenznummer";Prüfung;"Die Nummern dieser Datengruppen müssen lückenlos aufsteigend angegeben werden, jeweils neu beginnend mit „1“ für jede Datengruppe „WARENPOSITION“."
DEXPDF;"LIEFERUNG / WARENPOSITION / VERPACKUNG / Sequenznummer";Beschränkung;"1 - 99"
DEXPDF;"LIEFERUNG / WARENPOSITION / VERPACKUNG / Sequenznummer";Prüfmuster;"[1-9][0-9]{0,1}"
DEXPDF;"LIEFERUNG / WARENPOSITION / VERPACKUNG / Art der Verpackung";Prüfmuster;"[A-Z0-9]{2}"
DEXPDF;"LIEFERUNG / WARENPOSITION / VERPACKUNG / Anzahl der Packstücke";Bedingung;"Die Angabe des Datenfeldes ist erforderlich und nur zulässig, wenn das Datenfeld „Art der Verpackung“ mit keinem der Werte aus Codeliste C0181 angegeben wird."
DEXPDF;"LIEFERUNG / WARENPOSITION / VERPACKUNG / Anzahl der Packstücke";Prüfung;"Die Verwendung des Wertes „0“ ist unzulässig, wenn das Datenfeld „Art der Verpackung“ mit einem der Werte aus Codeliste C0182 angegeben wird."
DEXPDF;"LIEFERUNG / WARENPOSITION / VERPACKUNG / Anzahl der Packstücke";Prüfung;"Die Verwendung des Wertes „0“ [Beipack] ist unzulässig, wenn
• zu dieser Datengruppe „WARENPOSITION“ eine weitere Datengruppe „VERPACKUNG“ mit einem Wert ungleich „0“ in dem Datenfeld „Anzahl der Packstücke“ oder
• zu dieser Datengruppe „WARENPOSITION“ eine weitere Datengruppe „VERPACKUNG“ ohne das Datenfeld „Anzahl der Packstücke“ angegeben wird."
DEXPDF;"LIEFERUNG / WARENPOSITION / VERPACKUNG / Anzahl der Packstücke";Beschränkung;"0 - 99999999"
DEXPDF;"LIEFERUNG / WARENPOSITION / VERPACKUNG / Anzahl der Packstücke";Prüfmuster;"(0|[1-9][0-9]{0,7})"
DEXPDF;"LIEFERUNG / WARENPOSITION / VERPACKUNG / Versandzeichen";Bedingung;"Die Angabe des Datenfeldes ist erforderlich, wenn das Datenfeld „Art der Verpackung“ mit keinem der Werte aus den Codelisten C0181 und C0182 angegeben wird."
DEXPDF;"LIEFERUNG / WARENPOSITION / VERPACKUNG / Versandzeichen";Prüfmuster;".{1,512}"
DEXPDF;"LIEFERUNG / WARENPOSITION / VERPACKUNG / PACKSTÜCK-VERWEIS";Bedingung;"Die Angabe der Datengruppe ist erforderlich und nur zulässig, wenn das Datenfeld „Anzahl der Packstücke“ mit dem Wert „0“ [Beipack] angegeben wird."
DEXPDF;"LIEFERUNG / WARENPOSITION / VERPACKUNG / PACKSTÜCK-VERWEIS / Positionsnummer";Prüfung;"Die Nummer muss im Bereich von „1“ bis zum höchsten Wert aller Datenfelder „// WARENPOSITION / Positionsnummer“ liegen."
DEXPDF;"LIEFERUNG / WARENPOSITION / VERPACKUNG / PACKSTÜCK-VERWEIS / Positionsnummer";Prüfung;"Die so referenzierte Datengruppe „WARENPOSITION“ muss mindestens eine Datengruppe „VERPACKUNG“ enthalten mit
• einem Wert ungleich „0“ in dem Datenfeld „Anzahl der Packstücke“,
• keinem der Werte aus den Codelisten C0181 und C0182 in dem Datenfeld „Art der Verpackung“ und
• dem gleichen Wert in dem Datenfeld „Versandzeichen“ wie in dieser Datengruppe „VERPACKUNG“ hier."
DEXPDF;"LIEFERUNG / WARENPOSITION / VERPACKUNG / PACKSTÜCK-VERWEIS / Positionsnummer";Beschränkung;"1 - 999"
DEXPDF;"LIEFERUNG / WARENPOSITION / VERPACKUNG / PACKSTÜCK-VERWEIS / Positionsnummer";Prüfmuster;"[1-9][0-9]{0,2}"
DEXPDF;"LIEFERUNG / WARENPOSITION / VORPAPIER";Bedingung;"Rückwirkende Anmeldungen:
• Die Angabe von Datengruppen mit dem Wert „N955“ [Carnet ATA] in dem Datenfeld „Art“ ist unzulässig, wenn das Datenfeld „KOPF / Art der Ausfuhranmeldung“ mit dem Wert „13000000“ [Rückwirkende Ausfuhranmeldung nach Carnet ATA ohne Wiedereinfuhr] angegeben wird.
• Die Angabe genau einer Datengruppe mit dem Wert „N830“ [Ausfuhranmeldung] in dem Datenfeld „Art“ zu der positionsbezogenen Referenzierung des zu entwertenden Ausfuhrvorgangs ist erforderlich, wenn das Datenfeld „KOPF / Art der Ausfuhranmeldung“ mit einem der Werte „101•••••“ [Rückwirkende Ausfuhranmeldung zur Passiven Veredelung] angegeben wird."
DEXPDF;"LIEFERUNG / WARENPOSITION / VORPAPIER";Bedingung;"Nachträgliche Anmeldungen:
• Die Angabe von Datengruppen mit dem Wert „N830“ [Ausfuhranmeldung] in dem Datenfeld „Art“ ist unzulässig, wenn das Datenfeld „KOPF / Art der Ausfuhranmeldung“ mit einem der Werte „11••••••“ [Nachträgliche Ausfuhranmeldung zur Korrektur] oder „12••••••“ [Nachträgliche Ausfuhranmeldung aus dem Notfallverfahren] angegeben wird."
DEXPDF;"LIEFERUNG / WARENPOSITION / VORPAPIER / Sequenznummer";Prüfung;"Die Nummern dieser Datengruppen müssen lückenlos aufsteigend angegeben werden, jeweils neu beginnend mit „1“ für jede Datengruppe „WARENPOSITION“."
DEXPDF;"LIEFERUNG / WARENPOSITION / VORPAPIER / Sequenznummer";Beschränkung;"1 - 99"
DEXPDF;"LIEFERUNG / WARENPOSITION / VORPAPIER / Sequenznummer";Prüfmuster;"[1-9][0-9]{0,1}"
DEXPDF;"LIEFERUNG / WARENPOSITION / VORPAPIER / Art";Prüfung;"Die Verwendung entweder des Wertes „C651“ [eVD - elektronisches Verwaltungsdokument (EMCS)] oder des Wertes „C658“ [Ausfalldokument - Notfallverfahren für eVD (EMCS)] ist nur an einer Datengruppe je Warenposition möglich."
DEXPDF;"LIEFERUNG / WARENPOSITION / VORPAPIER / Art";Prüfung;"Die Vorpapierarten „9ZZX“ [Sonstige Unterlagen ZELOS (Original)] und „9ZZY“ [Sonstige Unterlagen ZELOS (Kopie)] sind nicht anmeldbar."
DEXPDF;"LIEFERUNG / WARENPOSITION / VORPAPIER / Art";Aufbau;"TARIC-Codierung mit Ziffern:
a1 Großbuchstabe
n3 Ziffern"
DEXPDF;"LIEFERUNG / WARENPOSITION / VORPAPIER / Art";Aufbau;"TARIC-Codierung mit Buchstaben:
a1 Großbuchstabe
a3 Großbuchstaben"
DEXPDF;"LIEFERUNG / WARENPOSITION / VORPAPIER / Art";Aufbau;"Nationale Codierung:
n1 Ziffer
a3 Großbuchstaben"
DEXPDF;"LIEFERUNG / WARENPOSITION / VORPAPIER / Art";Prüfmuster;"([A-Z][0-9]{3}|^[A-Z][A-Z]{3}|^[0-9][A-Z]{3})"
DEXPDF;"LIEFERUNG / WARENPOSITION / VORPAPIER / Qualifikator";Bedingung;"Die Angabe des Datenfeldes ist erforderlich, wenn die Codeliste zu dem im Datenfeld „Art“ angegebenen Wert eine Qualifikation verlangt."
DEXPDF;"LIEFERUNG / WARENPOSITION / VORPAPIER / Qualifikator";Bedingung;"Die Angabe des Datenfeldes ist nur zulässig, wenn die Codeliste zu dem im Datenfeld „Art“ angegebenen Wert eine Qualifikation erlaubt."
DEXPDF;"LIEFERUNG / WARENPOSITION / VORPAPIER / Qualifikator";Prüfmuster;".{1,3}"
DEXPDF;"LIEFERUNG / WARENPOSITION / VORPAPIER / Referenznummer";Bedingung;"Die Angabe des Datenfeldes ist erforderlich, wenn bei den ergänzenden Angaben der Codeliste I0932 die Referenz zu der in den Datenfeldern „Art“ und ggf. „Qualifikator“ angegebenen Codierung mit dem Status „R“ [Pflicht-Datenfeld] ausgewiesen ist."
DEXPDF;"LIEFERUNG / WARENPOSITION / VORPAPIER / Referenznummer";Bedingung;"Die Angabe des Datenfeldes ist unzulässig, wenn bei den ergänzenden Angaben der Codeliste I0932 die Referenz zu der in den Datenfeldern „Art“ und ggf. „Qualifikator“ angegebenen Codierung mit dem Status „N“ [Gesperrtes Datenfeld] ausgewiesen ist."
DEXPDF;"LIEFERUNG / WARENPOSITION / VORPAPIER / Referenznummer";Prüfung;"Die Verwendung eines Wertes im Format an18 mit der gültigen MRN eines erledigten/geschlossenen und noch nicht bereits früher durch eine andere rückwirkende Ausfuhranmeldung entwerteten Vorgangs von ATLAS/Ausfuhr ist erforderlich, wenn das Datenfeld „Art“ mit dem Wert „N830“ [Ausfuhranmeldung] und das Datenfeld „KOPF / Art der Ausfuhranmeldung“ mit einem der Werte „101•••••“ [Rückwirkende Ausfuhranmeldung zur Passiven Veredelung] angegeben wird."
DEXPDF;"LIEFERUNG / WARENPOSITION / VORPAPIER / Referenznummer";Prüfung;"Die Verwendung eines Wertes im Format an21 mit gültiger Referenznummer ist erforderlich, wenn das Datenfeld „Art“ mit dem Wert „C651“ [eVD - elektronisches Verwaltungsdokument (EMCS)] angegeben wird."
DEXPDF;"LIEFERUNG / WARENPOSITION / VORPAPIER / Referenznummer";Aufbau;"Begleitendes Verwaltungsdokument (Verbrauchsteuern) von EMCS anderer Mitgliedstaaten:
n2 Jahr (23-99)
a2 Mitgliedstaat (Codeliste C0010), ohne „DE“ [Deutschland]
an15 Kennung (Großbuchstaben und Ziffern)
an1 Kennzeichen „P“ [Steuerrechtlich freier Verkehr] oder Steueraussetzung (andere Großbuchstaben und Ziffern)
n1 Prüfziffer"
DEXPDF;"LIEFERUNG / WARENPOSITION / VORPAPIER / Referenznummer";Aufbau;"Begleitendes Verwaltungsdokument (Verbrauchsteuern) von EMCS in Deutschland:
n2 Jahr (22-99)
a2 Mitgliedstaat „DE“ [Deutschland]
n4 Dienststellennummer ATLAS
n11 laufende Nummer
a1 Kennzeichen „P“ [Steuerrechtlich freier Verkehr] oder „S“ [Steueraussetzung]
n1 Prüfziffer"
DEXPDF;"LIEFERUNG / WARENPOSITION / VORPAPIER / Referenznummer";Aufbau;"Begleitendes Verwaltungsdokument (Verbrauchsteuern) im Ausfallverfahren:
an..22 Bezugsnummer"
DEXPDF;"LIEFERUNG / WARENPOSITION / VORPAPIER / Referenznummer";Aufbau;"MRN von ATLAS/Ausfuhr nach UZK:
n2 Jahr (00-99)
a2 Land „DE“ [Deutschland]
n4 Dienststellennummer ATLAS
n8 Nummer
a1 Verfahrenskennung „A“ [Nur Ausfuhr], „B“ [Ausfuhranmeldung und summarische Ausgangsanmeldung] oder „E“ [Versendung von Waren im Rahmen des Handels mit steuerlichen Sondergebieten]
n1 Prüfziffer"
DEXPDF;"LIEFERUNG / WARENPOSITION / VORPAPIER / Referenznummer";Prüfmuster;".{1,70}"
DEXPDF;"LIEFERUNG / WARENPOSITION / VORPAPIER / Positionsnummer";Bedingung;"Die Angabe des Datenfeldes ist erforderlich, wenn bei den ergänzenden Angaben der Codeliste I0932 die Positionsnummer zu der in den Datenfeldern „Art“ und ggf. „Qualifikator“ angegebenen Codierung mit dem Status „R“ [Pflicht-Datenfeld] ausgewiesen ist."
DEXPDF;"LIEFERUNG / WARENPOSITION / VORPAPIER / Positionsnummer";Bedingung;"Die Angabe des Datenfeldes ist unzulässig, wenn bei den ergänzenden Angaben der Codeliste I0932 die Positionsnummer zu der in den Datenfeldern „Art“ und ggf. „Qualifikator“ angegebenen Codierung mit dem Status „N“ [Gesperrtes Datenfeld] ausgewiesen ist."
DEXPDF;"LIEFERUNG / WARENPOSITION / VORPAPIER / Positionsnummer";Prüfung;"Die Verwendung eines Wertes im Format n..3 ist erforderlich, wenn das Datenfeld „Art“ mit einem der Werte „C651“ [eVD - elektronisches Verwaltungsdokument (EMCS)] oder „C658“ [Ausfalldokument - Notfallverfahren für eVD (EMCS)] angegeben wird."
DEXPDF;"LIEFERUNG / WARENPOSITION / VORPAPIER / Positionsnummer";Beschränkung;"1 - 99999"
DEXPDF;"LIEFERUNG / WARENPOSITION / VORPAPIER / Positionsnummer";Prüfmuster;"[1-9][0-9]{0,4}"
DEXPDF;"LIEFERUNG / WARENPOSITION / VORPAPIER / Art der Verpackung";Prüfmuster;"[A-Z0-9]{2}"
DEXPDF;"LIEFERUNG / WARENPOSITION / VORPAPIER / Anzahl der Packstücke";Beschränkung;"1 - 99999999"
DEXPDF;"LIEFERUNG / WARENPOSITION / VORPAPIER / Anzahl der Packstücke";Prüfmuster;"[1-9][0-9]{0,7}"
DEXPDF;"LIEFERUNG / WARENPOSITION / VORPAPIER / Maßeinheit";Bedingung;"Die Angabe des Datenfeldes ist erforderlich, wenn bei den ergänzenden Angaben der Codeliste I0932 die Maßeinheit zu der in den Datenfeldern „Art“ und ggf. „Qualifikator“ angegebenen Codierung mit dem Status „R“ [Pflicht-Datenfeld] ausgewiesen ist."
DEXPDF;"LIEFERUNG / WARENPOSITION / VORPAPIER / Maßeinheit";Bedingung;"Die Angabe des Datenfeldes ist unzulässig, wenn bei den ergänzenden Angaben der Codeliste I0932 die Maßeinheit zu der in den Datenfeldern „Art“ und ggf. „Qualifikator“ angegebenen Codierung mit dem Status „N“ [Gesperrtes Datenfeld] ausgewiesen ist."
DEXPDF;"LIEFERUNG / WARENPOSITION / VORPAPIER / Maßeinheit";Prüfmuster;".{1,4}"
DEXPDF;"LIEFERUNG / WARENPOSITION / VORPAPIER / Menge";Bedingung;"Die Angabe des Datenfeldes ist erforderlich und nur zulässig, wenn das Datenfeld „Maßeinheit“ angegeben wird."
DEXPDF;"LIEFERUNG / WARENPOSITION / VORPAPIER / Menge";Prüfung;"Die Verwendung eines ganzzahligen Wertes ist erforderlich, wenn das Datenfeld „Maßeinheit“ mit einem der Werte „NAR“ [Anzahl Stück], „NCL“ [Anzahl Zellen] oder „NPR“ [Anzahl Paar] angegeben wird."
DEXPDF;"LIEFERUNG / WARENPOSITION / VORPAPIER / Menge";Beschränkung;"0.000001 - 9999999999999999"
DEXPDF;"LIEFERUNG / WARENPOSITION / VORPAPIER / Menge";Prüfmuster;"(?!0\.?0*\Z)(?=.{1,17}\Z)(0|[1-9][0-9]{0,15})(\.[0-9]{1,6})?"
DEXPDF;"LIEFERUNG / WARENPOSITION / VORPAPIER / Zusätzliche Angaben";Bedingung;"Die Angabe des Datenfeldes ist erforderlich, wenn bei den ergänzenden Angaben der Codeliste I0932 der Zusatz zu der in den Datenfeldern „Art“ und ggf. „Qualifikator“ angegebenen Codierung mit dem Status „R“ [Pflicht-Datenfeld] ausgewiesen ist."
DEXPDF;"LIEFERUNG / WARENPOSITION / VORPAPIER / Zusätzliche Angaben";Bedingung;"Die Angabe des Datenfeldes ist unzulässig, wenn bei den ergänzenden Angaben der Codeliste I0932 der Zusatz zu der in den Datenfeldern „Art“ und ggf. „Qualifikator“ angegebenen Codierung mit dem Status „N“ [Gesperrtes Datenfeld] ausgewiesen ist."
DEXPDF;"LIEFERUNG / WARENPOSITION / VORPAPIER / Zusätzliche Angaben";Aufbau;"Zusatz zum Begleitenden Verwaltungsdokument (EMCS) im Ausfallverfahren:
a2 Land zur Verbrauchsteuernummer des EMCS-Versenders
an11 Nationale Identifikationsnummer des EMCS-Versenders
  Trennzeichen („ “)
a3 Vorfallkennzeichen „INC“ [Incident]
n12 Laufende Nummer des Vorfall-Tickets (ggf. mit führenden Nullen)"
DEXPDF;"LIEFERUNG / WARENPOSITION / VORPAPIER / Zusätzliche Angaben";Prüfmuster;".{1,35}"
DEXPDF;"LIEFERUNG / WARENPOSITION / UNTERLAGE";Bedingung;"Ausfuhrgenehmigungen:
• Die Angabe einer Datengruppe mit einem der Werte aus Codeliste I0960 in den Datenfeldern „Art“ und ggf. „Qualifikator“ ist erforderlich und nur zulässig, wenn eine weitere Datengruppe mit dem Wert „8GGX“ [Genehmigung nach dem Gesetz über die Kontrolle von Kriegswaffen (§ 3 Kriegswaffenkontrollgesetz) - in Verbindung mit 3LLB-] in dem Datenfeld „Art“ angegeben wird.
• Die Angabe je einer Datengruppe mit einem der Werte aus Codeliste I0961 in den Datenfeldern „Art“ und ggf. „Qualifikator“ ist erforderlich für jede Datengruppe mit einem der Werte „E020+AWV“ [Einzel- / Sammelausfuhrgenehmigung oder Genehmigung zur wiederholten vorübergehenden Ausfuhr nach Art. 4 Abs. 1 VO (EU) Nr. 258/2012, wenn zugleich eine Genehmigungspflicht nach § 8 Abs. 1 Nr. 1 AWV besteht und beiden Genehmigungspflichten durch eine gemeinsame Genehmigung des BAFA genügt  wird] in den Datenfeldern „Art“ und „Qualifikator“.
• Die Angabe von Datengruppen mit einem der Werte aus Codeliste I0966 in den Datenfeldern „Art“ und ggf. „Qualifikator“ ist unzulässig, wenn das Datenfeld „KOPF / Art der Ausfuhranmeldung“ mit einem der Werte „••••1•••“ [SDE-Ausfuhr und SDE-PV] angegeben wird.
• Die Angabe von Datengruppen mit einem der Werte aus Codeliste I0967 in den Datenfeldern „Art“ und ggf. „Qualifikator“ ist unzulässig, wenn das Datenfeld „KOPF / Art der Ausfuhranmeldung“ mit einem der Werte „••00•4••“ [Zentrale Zollabwicklung ohne Passive Veredelung] angegeben wird.
• Die Angabe von Datengruppen mit einem der Werte aus Codeliste I0968 in den Datenfeldern „Art“ und ggf. „Qualifikator“ ist unzulässig, wenn das Datenfeld „KOPF / Art der Ausfuhranmeldung“ mit einem der Werte „••11•4••“ [Zentrale Zollabwicklung als Zollrechtliche Passive Veredelung] oder „••20•4••“ [Zentrale Zollabwicklung als Wirtschaftliche Passive Veredelung] angegeben wird.
• Die Angabe von Datengruppen mit dem Wert „X071+A13“ [Allgemeine Genehmigung Nr. 13] in den Datenfeldern „Art“ und „Qualifikator“ ist unzulässig, wenn das Datenfeld „KOPF / Art der Ausfuhranmeldung“ mit einem der Werte „••00•4••“ [Zentrale Zollabwicklung ohne Passive Veredelung] und das Datenfeld „LIEFERUNG / Bestimmungsland“ mit einem anderen Wert als „QU“ [Nicht erm. Länder und Gebiete] oder „QV“ [Nicht erm. Länder und Gebiete (EU)] angegeben wird.
• Die Angabe von Datengruppen mit einem der Werte aus den Codelisten I0952 oder I0953 unter Ausnahme von „E020+FWS“ [Sammelausfuhrgenehmigung des BAFA nach Art. 4 Abs. 1 VO (EU) Nr. 258/2012] (Sonderfall) in den Datenfeldern „Art“ und ggf. „Qualifikator“ ist unzulässig, wenn das Datenfeld „KOPF / Art der Ausfuhranmeldung“ mit dem Wert „00000901“ [Standard-Ausfuhranmeldung zum einstufigen Verfahren bei Waren mit einem Wert bis 3.000 EUR] angegeben wird.
• Die Angabe von Datengruppen mit einem der Werte aus Codeliste I0952 in den Datenfeldern „Art“ und ggf. „Qualifikator“ ist unzulässig, wenn das Datenfeld „KOPF / Art der Ausfuhranmeldung“ mit einem der Werte „1•••••••“ [Rückwirkende/nachträgliche Anmeldung] angegeben wird.
• Die Angabe von Datengruppen mit einem der Werte aus Codeliste I0952 oder „3LOA+AUS“ [Online-Abschreibung - Ausfallkonzept] in den Datenfeldern „Art“ und ggf. „Qualifikator“ ist unzulässig, wenn das Datenfeld „KOPF / Art der Ausfuhranmeldung“ mit dem Wert „20000000“ [Monatliche Sammelanmeldung zum Vereinfachten Verfahren unter Verwendung einer Bewilligung EIR-Ausfuhr] angegeben wird.
• Die Angabe von Datengruppen mit dem Wert „3LLG+CO“ [Nationale Verbringungsgenehmigung des BAFA mit ""Art der Anmeldung (Ausfuhr)"": CO] in den Datenfeldern „Art“ und „Qualifikator“ ist nur zulässig, wenn das Datenfeld „KOPF / Art der Anmeldung“ mit dem Wert „CO“ [Handel von Unionsgütern zwischen Zollgebieten, welche nicht von den Verordnungen 2006/112/EC oder 2008/118/EC erfasst sind.] angegeben wird."
DEXPDF;"LIEFERUNG / WARENPOSITION / UNTERLAGE";Bedingung;"Ausfuhrlizenzen:
• Die Angabe von Datengruppen mit einem der Werte aus Codeliste I0969 in den Datenfeldern „Art“ und ggf. „Qualifikator“ ist unzulässig, wenn das Datenfeld „KOPF / Art der Anmeldung“ mit dem Wert „CO“ [Handel von Unionsgütern zwischen Zollgebieten, welche nicht von den Verordnungen 2006/112/EC oder 2008/118/EC erfasst sind.] angegeben wird.
• Die Angabe von Datengruppen mit einem der Werte aus Codeliste I0969 in den Datenfeldern „Art“ und ggf. „Qualifikator“ ist unzulässig, wenn das Datenfeld „KOPF / Art der Ausfuhranmeldung“ mit einem der Werte „•••••3••“ [Vereinfachtes Verfahren], „•••••4••“ [Zentrale Zollabwicklung], „•••••9••“ [Einstufiges Verfahren], „••1•••••“ [Zollrechtliche PV], „••2•••••“ [Wirtschaftliche PV] oder „2•••••••“ [Sammelanmeldung] angegeben wird."
DEXPDF;"LIEFERUNG / WARENPOSITION / UNTERLAGE";Bedingung;"Zertifikate:
• Die Angabe einer Datengruppe mit dem Wert „E013“ [Von der Kommission für ""geregelte Stoffe"" (Ozon) erteilte Ausfuhrlizenz] in dem Datenfeld „Art“ ist nur einmal je „WARENPOSITION“ zulässig."
DEXPDF;"LIEFERUNG / WARENPOSITION / UNTERLAGE";Bedingung;"Sonstiges:
• Die Angabe einer Datengruppe mit dem Wert „9DEE“ [Genehmigungen des Statistischen Bundesamtes] in dem Datenfeld „Art“ ist erforderlich, wenn der Wert des Datenfeldes „// WARE / WARENNUMMER / Unterposition des Harmonisierten Systems“ mit der Ziffernfolge „98“ beginnt.
• Die Angabe einer Datengruppe mit dem Wert „C034“ [""Kimberley"" EU- Zertifikat] in dem Datenfeld „Art“ ist erforderlich, wenn eine Datengruppe „SONSTIGER VERWEIS“ mit dem Wert „Y015“ [Die Rohdiamanten befinden sich in gegen Eingriffe geschützten Behältnissen und die bei der Ausfuhr von diesem Teilnehmer angebrachten Siegel sind nicht erbrochen worden (Kimberley Process).] in dem Datenfeld „Art“ angegeben wird."
DEXPDF;"LIEFERUNG / WARENPOSITION / UNTERLAGE / Sequenznummer";Prüfung;"Die Nummern dieser Datengruppen müssen lückenlos aufsteigend angegeben werden, jeweils neu beginnend mit „1“ für jede Datengruppe „WARENPOSITION“."
DEXPDF;"LIEFERUNG / WARENPOSITION / UNTERLAGE / Sequenznummer";Beschränkung;"1 - 99"
DEXPDF;"LIEFERUNG / WARENPOSITION / UNTERLAGE / Sequenznummer";Prüfmuster;"[1-9][0-9]{0,1}"
DEXPDF;"LIEFERUNG / WARENPOSITION / UNTERLAGE / Art";Prüfung;"Die Unterlagenarten „9ZZX“ [Sonstige Unterlagen ZELOS (Original)] und „9ZZY“ [Sonstige Unterlagen ZELOS (Kopie)] sind nicht anmeldbar."
DEXPDF;"LIEFERUNG / WARENPOSITION / UNTERLAGE / Art";Aufbau;"TARIC-Codierung mit Ziffern:
a1 Großbuchstabe
n3 Ziffern"
DEXPDF;"LIEFERUNG / WARENPOSITION / UNTERLAGE / Art";Aufbau;"TARIC-Codierung mit Buchstaben:
a1 Großbuchstabe
a3 Großbuchstaben"
DEXPDF;"LIEFERUNG / WARENPOSITION / UNTERLAGE / Art";Aufbau;"Nationale Codierung:
n1 Ziffer
a3 Großbuchstaben"
DEXPDF;"LIEFERUNG / WARENPOSITION / UNTERLAGE / Art";Prüfmuster;"([A-Z][0-9]{3}|^[A-Z][A-Z]{3}|^[0-9][A-Z]{3})"
DEXPDF;"LIEFERUNG / WARENPOSITION / UNTERLAGE / Qualifikator";Bedingung;"Die Angabe des Datenfeldes ist erforderlich, wenn die Codeliste zu dem im Datenfeld „Art“ angegebenen Wert eine Qualifikation verlangt."
DEXPDF;"LIEFERUNG / WARENPOSITION / UNTERLAGE / Qualifikator";Bedingung;"Die Angabe des Datenfeldes ist nur zulässig, wenn die Codeliste zu dem im Datenfeld „Art“ angegebenen Wert eine Qualifikation erlaubt."
DEXPDF;"LIEFERUNG / WARENPOSITION / UNTERLAGE / Qualifikator";Prüfmuster;".{1,3}"
DEXPDF;"LIEFERUNG / WARENPOSITION / UNTERLAGE / Referenznummer";Bedingung;"Die Angabe des Datenfeldes ist erforderlich, wenn bei den ergänzenden Angaben der Codeliste I0922 die Referenz zu der in den Datenfeldern „Art“ und ggf. „Qualifikator“ angegebenen Codierung mit dem Status „R“ [Pflicht-Datenfeld] ausgewiesen ist."
DEXPDF;"LIEFERUNG / WARENPOSITION / UNTERLAGE / Referenznummer";Bedingung;"Die Angabe des Datenfeldes ist unzulässig, wenn bei den ergänzenden Angaben der Codeliste I0922 die Referenz zu der in den Datenfeldern „Art“ und ggf. „Qualifikator“ angegebenen Codierung mit dem Status „N“ [Gesperrtes Datenfeld] ausgewiesen ist."
DEXPDF;"LIEFERUNG / WARENPOSITION / UNTERLAGE / Referenznummer";Prüfung;"Ausfuhrgenehmigungen:
• Die Verwendung eines Wertes im Format n7..8 mit gültiger Antragsnummer ist erforderlich, wenn die Datenfelder „Art“ und ggf. „Qualifikator“ mit einem der Werte aus Codeliste I0952 oder mit dem Wert „E020+AWV“ [Einzel- / Sammelausfuhrgenehmigung oder Genehmigung zur wiederholten vorübergehenden Ausfuhr nach Art. 4 Abs. 1 VO (EU) Nr. 258/2012, wenn zugleich eine Genehmigungspflicht nach § 8 Abs. 1 Nr. 1 AWV besteht und beiden Genehmigungspflichten durch eine gemeinsame Genehmigung des BAFA genügt  wird] angegeben werden.
• Die Verwendung eines Wertes im Format n7..8 mit gültiger Antragsnummer ist erforderlich, wenn die Datenfelder „Art“ und „Qualifikator“ mit dem Wert „3LLD+NB“ [Bescheinigung des Bundesamts für Wirtschaft und Ausfuhrkontrolle (BAFA), dass die Ausfuhr keiner Genehmigung bedarf] sowie ein Gültigkeitsbeginn in dem Datenfeld „Datum der Ausstellung“ zum oder nach dem Stichtag 02.03.2017 angegeben wird.
• Die Kombination der Datenfelder „Referenznummer“ und „Zeilen-/Positionsnummer im Dokument“ muss mit der Kombination der Datenfelder „Referenznummer“ und „Zeilen-/Positionsnummer im Dokument“ einer anderen Datengruppe „UNTERLAGE“ derselben Datengruppe „WARENPOSITION“ übereinstimmen, deren Datenfelder „Art“ und ggf. „Qualifikator“ mit einem der Werte aus Codeliste I0961 angegeben sind, wenn die Datenfelder „Art“ und „Qualifikator“ mit dem Wert „E020+AWV“ [Einzel- / Sammelausfuhrgenehmigung oder Genehmigung zur wiederholten vorübergehenden Ausfuhr nach Art. 4 Abs. 1 VO (EU) Nr. 258/2012, wenn zugleich eine Genehmigungspflicht nach § 8 Abs. 1 Nr. 1 AWV besteht und beiden Genehmigungspflichten durch eine gemeinsame Genehmigung des BAFA genügt  wird] angegeben werden."
DEXPDF;"LIEFERUNG / WARENPOSITION / UNTERLAGE / Referenznummer";Prüfung;"Ausfuhrlizenzen:
• Die Verwendung eines Wertes im Format an..18 ist erforderlich, wenn die Datenfelder „Art“ und ggf. „Qualifikator“ mit einem der Werte aus Codeliste I0969 angegeben werden."
DEXPDF;"LIEFERUNG / WARENPOSITION / UNTERLAGE / Referenznummer";Prüfung;"Zertifikate:
• Die Verwendung eines Wertes im Format an27..31 mit gültiger Lizenznummer ist erforderlich, wenn das Datenfeld „Art“ mit dem Wert „E013“ [Von der Kommission für ""geregelte Stoffe"" (Ozon) erteilte Ausfuhrlizenz] angegeben wird.
• Das Datenfeld muss in allen Datengruppen „// WARENPOSITION / UNTERLAGE“ mit demselben Wert angegeben werden, wenn deren Datenfeld „Art“ mit dem Wert „E013“ [Von der Kommission für ""geregelte Stoffe"" (Ozon) erteilte Ausfuhrlizenz] angegeben wird."
DEXPDF;"LIEFERUNG / WARENPOSITION / UNTERLAGE / Referenznummer";Aufbau;"Ausfuhrgenehmigungen:
n7..8 Antragsnummer (ggf. mit führenden Nullen)"
DEXPDF;"LIEFERUNG / WARENPOSITION / UNTERLAGE / Referenznummer";Aufbau;"Ausfuhrlizenz (Ozon):
a3 Lizenztyp („EXP“)
  Trennzeichen („-“)
an4..8 Lizenzinhaber
  Trennzeichen („-“)
a4 Art der Verwendung
  Trennzeichen („-“)
n4 Jahr der Ausstellung
  Trennzeichen („-“)
n8 laufende Nummer (ggf. mit führenden Nullen)"
DEXPDF;"LIEFERUNG / WARENPOSITION / UNTERLAGE / Referenznummer";Prüfmuster;".{1,70}"
DEXPDF;"LIEFERUNG / WARENPOSITION / UNTERLAGE / Zeilen-/Positionsnummer im Dokument";Bedingung;"Die Angabe des Datenfeldes ist erforderlich, wenn bei den ergänzenden Angaben der Codeliste I0922 der Eintrag zu der in den Datenfeldern „Art“ und ggf. „Qualifikator“ angegebenen Codierung mit dem Status „R“ [Pflicht-Datenfeld] ausgewiesen ist."
DEXPDF;"LIEFERUNG / WARENPOSITION / UNTERLAGE / Zeilen-/Positionsnummer im Dokument";Bedingung;"Die Angabe des Datenfeldes ist unzulässig, wenn bei den ergänzenden Angaben der Codeliste I0922 der Eintrag zu der in den Datenfeldern „Art“ und ggf. „Qualifikator“ angegebenen Codierung mit dem Status „N“ [Gesperrtes Datenfeld] ausgewiesen ist."
DEXPDF;"LIEFERUNG / WARENPOSITION / UNTERLAGE / Zeilen-/Positionsnummer im Dokument";Prüfung;"Die Kombination der Datenfelder „Referenznummer“ und „Zeilen-/Positionsnummer im Dokument“ muss mit der Kombination der Datenfelder „Referenznummer“ und „Zeilen-/Positionsnummer im Dokument“ einer anderen Datengruppe „UNTERLAGE“ derselben Datengruppe „WARENPOSITION“ übereinstimmen, deren Datenfelder „Art“ und ggf. „Qualifikator“ mit einem der Werte aus Codeliste I0961 angegeben sind, wenn die Datenfelder „Art“ und „Qualifikator“ mit dem Wert „E020+AWV“ [Einzel- / Sammelausfuhrgenehmigung oder Genehmigung zur wiederholten vorübergehenden Ausfuhr nach Art. 4 Abs. 1 VO (EU) Nr. 258/2012, wenn zugleich eine Genehmigungspflicht nach § 8 Abs. 1 Nr. 1 AWV besteht und beiden Genehmigungspflichten durch eine gemeinsame Genehmigung des BAFA genügt  wird] angegeben werden."
DEXPDF;"LIEFERUNG / WARENPOSITION / UNTERLAGE / Zeilen-/Positionsnummer im Dokument";Beschränkung;"1 - 99999"
DEXPDF;"LIEFERUNG / WARENPOSITION / UNTERLAGE / Zeilen-/Positionsnummer im Dokument";Aufbau;"BAFA-Genehmigungen und -Bescheide:
n..3 laufende Nummer zur Güterbeschreibung"
DEXPDF;"LIEFERUNG / WARENPOSITION / UNTERLAGE / Zeilen-/Positionsnummer im Dokument";Aufbau;"Ausfuhrgenehmigungen anderer Mitgliedstaaten:
n..5 laufende Nummer der Genehmigungsposition (aushilfsweise „1“)"
DEXPDF;"LIEFERUNG / WARENPOSITION / UNTERLAGE / Zeilen-/Positionsnummer im Dokument";Prüfmuster;"[1-9][0-9]{0,4}"
DEXPDF;"LIEFERUNG / WARENPOSITION / UNTERLAGE / Zusätzliche Angaben";Bedingung;"Die Angabe des Datenfeldes ist erforderlich, wenn bei den ergänzenden Angaben der Codeliste I0922 der Zusatz zu der in den Datenfeldern „Art“ und ggf. „Qualifikator“ angegebenen Codierung mit dem Status „R“ [Pflicht-Datenfeld] ausgewiesen ist."
DEXPDF;"LIEFERUNG / WARENPOSITION / UNTERLAGE / Zusätzliche Angaben";Bedingung;"Die Angabe des Datenfeldes ist unzulässig, wenn bei den ergänzenden Angaben der Codeliste I0922 der Zusatz zu der in den Datenfeldern „Art“ und ggf. „Qualifikator“ angegebenen Codierung mit dem Status „N“ [Gesperrtes Datenfeld] ausgewiesen ist."
DEXPDF;"LIEFERUNG / WARENPOSITION / UNTERLAGE / Zusätzliche Angaben";Prüfmuster;".{1,35}"
DEXPDF;"LIEFERUNG / WARENPOSITION / UNTERLAGE / Detail";Bedingung;"Die Angabe des Datenfeldes ist erforderlich, wenn bei den ergänzenden Angaben der Codeliste I0922 die Detaillierung zu der in den Datenfeldern „Art“ und ggf. „Qualifikator“ angegebenen Codierung mit dem Status „R“ [Pflicht-Datenfeld] ausgewiesen ist."
DEXPDF;"LIEFERUNG / WARENPOSITION / UNTERLAGE / Detail";Bedingung;"Die Angabe des Datenfeldes ist unzulässig, wenn bei den ergänzenden Angaben der Codeliste I0922 die Detaillierung zu der in den Datenfeldern „Art“ und ggf. „Qualifikator“ angegebenen Codierung mit dem Status „N“ [Gesperrtes Datenfeld] ausgewiesen ist."
DEXPDF;"LIEFERUNG / WARENPOSITION / UNTERLAGE / Detail";Prüfung;"Die Verwendung eines Wertes aus Codeliste A0135 ist erforderlich, wenn das Datenfeld „Art“ mit dem Wert „8GGX“ [Genehmigung nach dem Gesetz über die Kontrolle von Kriegswaffen (§ 3 Kriegswaffenkontrollgesetz) - in Verbindung mit 3LLB-] angegeben wird."
DEXPDF;"LIEFERUNG / WARENPOSITION / UNTERLAGE / Detail";Prüfung;"Die Verwendung eines der Werte „1B118“, „2B350d“, „2B350g“ oder „2B350i“ ist erforderlich, wenn die Datenfelder „Art“ und „Qualifikator“ mit dem Wert „X071+A14“ [Allgemeine Genehmigung Nr. 14] angegeben werden."
DEXPDF;"LIEFERUNG / WARENPOSITION / UNTERLAGE / Detail";Prüfung;"Die Verwendung des Wertes „0017h“ ist erforderlich, wenn die Datenfelder „Art“ und „Qualifikator“ mit dem Wert „3LLC+A18“ [Allgemeine Genehmigung Nr. 18] angegeben werden."
DEXPDF;"LIEFERUNG / WARENPOSITION / UNTERLAGE / Detail";Prüfung;"Die Verwendung des Wertes „2D002“ ist erforderlich, wenn die Datenfelder „Art“ und „Qualifikator“ mit dem Wert „X071+A38“ [Allgemeine Genehmigung Nr. 38] angegeben werden."
DEXPDF;"LIEFERUNG / WARENPOSITION / UNTERLAGE / Detail";Prüfung;"Die Verwendung einer „AL-Position“ bzw. eines Güterkennzeichens, wie auf dem Genehmigungsdokument ausgewiesen, ist erforderlich, wenn die Datenfelder „Art“ und ggf. „Qualifikator“ mit einem der Werte aus den Codelisten I0954, I0958, I0959 oder I0963 unter Ausnahme von „C052+IR“ [Ausfuhrgenehmigung des BAFA für Güter und Technologien, die aufgrund der Iran-VO (EU) Nr. 267/2012 oder der VO (EU) Nr. 359/2011 Einschränkungen unterliegen] (Sonderfall) angegeben werden."
DEXPDF;"LIEFERUNG / WARENPOSITION / UNTERLAGE / Detail";Prüfung;"Die Verwendung der Bezeichnung eines Anhangs (mit arabischen statt römischen Ziffern) der Iran-Verordnung einschließlich Präfix „IR-AN“, wie auf dem Genehmigungsdokument ausgewiesen, ist erforderlich, wenn die Datenfelder „Art“ und „Qualifikator“ mit dem Wert „C052+IR“ [Ausfuhrgenehmigung des BAFA für Güter und Technologien, die aufgrund der Iran-VO (EU) Nr. 267/2012 oder der VO (EU) Nr. 359/2011 Einschränkungen unterliegen] angegeben werden."
DEXPDF;"LIEFERUNG / WARENPOSITION / UNTERLAGE / Detail";Prüfung;"Die Verwendung des Wertes „NULL“ ist erforderlich, wenn die Datenfelder „Art“ und „Qualifikator“ mit dem Wert „3LLD+NB“ [Bescheinigung des Bundesamts für Wirtschaft und Ausfuhrkontrolle (BAFA), dass die Ausfuhr keiner Genehmigung bedarf] angegeben werden."
DEXPDF;"LIEFERUNG / WARENPOSITION / UNTERLAGE / Detail";Prüfmuster;".{1,12}"
DEXPDF;"LIEFERUNG / WARENPOSITION / UNTERLAGE / Name der ausstellenden Behörde";Bedingung;"Die Angabe des Datenfeldes ist erforderlich, wenn bei den ergänzenden Angaben der Codeliste I0922 die Behörde zu der in den Datenfeldern „Art“ und ggf. „Qualifikator“ angegebenen Codierung mit dem Status „R“ [Pflicht-Datenfeld] ausgewiesen ist."
DEXPDF;"LIEFERUNG / WARENPOSITION / UNTERLAGE / Name der ausstellenden Behörde";Bedingung;"Die Angabe des Datenfeldes ist unzulässig, wenn bei den ergänzenden Angaben der Codeliste I0922 die Behörde zu der in den Datenfeldern „Art“ und ggf. „Qualifikator“ angegebenen Codierung mit dem Status „N“ [Gesperrtes Datenfeld] ausgewiesen ist."
DEXPDF;"LIEFERUNG / WARENPOSITION / UNTERLAGE / Name der ausstellenden Behörde";Prüfmuster;".{1,70}"
DEXPDF;"LIEFERUNG / WARENPOSITION / UNTERLAGE / Datum der Ausstellung";Bedingung;"Die Angabe des Datenfeldes ist erforderlich, wenn bei den ergänzenden Angaben der Codeliste I0922 das Datum der Ausstellung zu der in den Datenfeldern „Art“ und ggf. „Qualifikator“ angegebenen Codierung mit dem Status „R“ [Pflicht-Datenfeld] ausgewiesen ist."
DEXPDF;"LIEFERUNG / WARENPOSITION / UNTERLAGE / Datum der Ausstellung";Bedingung;"Die Angabe des Datenfeldes ist unzulässig, wenn bei den ergänzenden Angaben der Codeliste I0922 das Datum der Ausstellung zu der in den Datenfeldern „Art“ und ggf. „Qualifikator“ angegebenen Codierung mit dem Status „N“ [Gesperrtes Datenfeld] ausgewiesen ist."
DEXPDF;"LIEFERUNG / WARENPOSITION / UNTERLAGE / Datum der Ausstellung";Prüfung;"Das Datum der Ausstellung darf nicht in der Zukunft liegen."
DEXPDF;"LIEFERUNG / WARENPOSITION / UNTERLAGE / Datum der Ausstellung";Prüfung;"Das Datum der Ausstellung darf nicht nach dem etwaig anzugebenden Datum des Gültigkeitsendes liegen."
DEXPDF;"LIEFERUNG / WARENPOSITION / UNTERLAGE / Datum der Ausstellung";Prüfung;"Das Datum der Ausstellung der referenzierten Ausfuhrgenehmigung darf nicht vor dem Datum des Inkrafttretens der Verordnung (EU) Nr. 258/2012 (FWV) liegen (30.09.2013), wenn die Datenfelder „Art“ und „Qualifikator“ mit dem Wert „E020+AWV“ [Einzel- / Sammelausfuhrgenehmigung oder Genehmigung zur wiederholten vorübergehenden Ausfuhr nach Art. 4 Abs. 1 VO (EU) Nr. 258/2012, wenn zugleich eine Genehmigungspflicht nach § 8 Abs. 1 Nr. 1 AWV besteht und beiden Genehmigungspflichten durch eine gemeinsame Genehmigung des BAFA genügt  wird] angegeben werden."
DEXPDF;"LIEFERUNG / WARENPOSITION / UNTERLAGE / Datum der Ausstellung";Beschränkung;"01.01.1900 - 31.12.2099"
DEXPDF;"LIEFERUNG / WARENPOSITION / UNTERLAGE / Datum der Ausstellung";Aufbau;"n2 Jahrhundert (19-20)
n2 Jahr (00-99)
  Trennzeichen („-“)
n2 Monat (01-12)
  Trennzeichen („-“)
n2 Tag (01-31)"
DEXPDF;"LIEFERUNG / WARENPOSITION / UNTERLAGE / Datum der Ausstellung";Prüfmuster;"(?!....-(02|04|06|09|11)-31|....-02-30|(..(.[13579]|[02468][26]|[13579][048])|1900)-02-29)
((19|20)[0-9][0-9])-(0[1-9]|1[0-2])-(0[1-9]|[12][0-9]|3[01])"
DEXPDF;"LIEFERUNG / WARENPOSITION / UNTERLAGE / Gültigkeitsdatum";Bedingung;"Die Angabe des Datenfeldes ist erforderlich, wenn bei den ergänzenden Angaben der Codeliste I0922 das Datum des Gültigkeitsendes zu der in den Datenfeldern „Art“ und ggf. „Qualifikator“ angegebenen Codierung mit dem Status „R“ [Pflicht-Datenfeld] ausgewiesen ist."
DEXPDF;"LIEFERUNG / WARENPOSITION / UNTERLAGE / Gültigkeitsdatum";Bedingung;"Die Angabe des Datenfeldes ist unzulässig, wenn bei den ergänzenden Angaben der Codeliste I0922 das Datum des Gültigkeitsendes zu der in den Datenfeldern „Art“ und ggf. „Qualifikator“ angegebenen Codierung mit dem Status „N“ [Gesperrtes Datenfeld] ausgewiesen ist."
DEXPDF;"LIEFERUNG / WARENPOSITION / UNTERLAGE / Gültigkeitsdatum";Prüfung;"Das Datum des Gültigkeitsendes darf nicht vor dem Datum der Ausstellung liegen."
DEXPDF;"LIEFERUNG / WARENPOSITION / UNTERLAGE / Gültigkeitsdatum";Beschränkung;"01.01.2000 - 31.12.2099"
DEXPDF;"LIEFERUNG / WARENPOSITION / UNTERLAGE / Gültigkeitsdatum";Aufbau;"n2 Jahrhundert (20)
n2 Jahr (00-99)
  Trennzeichen („-“)
n2 Monat (01-12)
  Trennzeichen („-“)
n2 Tag (01-31)"
DEXPDF;"LIEFERUNG / WARENPOSITION / UNTERLAGE / Gültigkeitsdatum";Prüfmuster;"(?!....-(02|04|06|09|11)-31|....-02-30|..(.[13579]|[02468][26]|[13579][048])-02-29)
(20[0-9][0-9])-(0[1-9]|1[0-2])-(0[1-9]|[12][0-9]|3[01])"
DEXPDF;"LIEFERUNG / WARENPOSITION / UNTERLAGE / Maßeinheit";Bedingung;"Die Angabe des Datenfeldes ist erforderlich, wenn bei den ergänzenden Angaben der Codeliste I0922 die EU-Maßeinheit zu der in den Datenfeldern „Art“ und ggf. „Qualifikator“ angegebenen Codierung mit dem Status „R“ [Pflicht-Datenfeld] ausgewiesen ist."
DEXPDF;"LIEFERUNG / WARENPOSITION / UNTERLAGE / Maßeinheit";Bedingung;"Die Angabe des Datenfeldes ist unzulässig, wenn bei den ergänzenden Angaben der Codeliste I0922 die EU-Maßeinheit zu der in den Datenfeldern „Art“ und ggf. „Qualifikator“ angegebenen Codierung mit dem Status „N“ [Gesperrtes Datenfeld] ausgewiesen ist."
DEXPDF;"LIEFERUNG / WARENPOSITION / UNTERLAGE / Maßeinheit";Prüfung;"Die Verwendung eines der Werte „LTR“ [Liter] oder „NAR“ [Anzahl Stück] ist erforderlich, wenn die Datenfelder „Art“ und ggf. „Qualifikator“ mit einem der Werte aus Codeliste I0969 angegeben werden."
DEXPDF;"LIEFERUNG / WARENPOSITION / UNTERLAGE / Maßeinheit";Prüfmuster;".{1,4}"
DEXPDF;"LIEFERUNG / WARENPOSITION / UNTERLAGE / Ergänzende Maßeinheit";Bedingung;"Die Angabe des Datenfeldes ist erforderlich, wenn bei den ergänzenden Angaben der Codeliste I0922 die BAFA-Maßeinheit zu der in den Datenfeldern „Art“ und ggf. „Qualifikator“ angegebenen Codierung mit dem Status „R“ [Pflicht-Datenfeld] ausgewiesen ist."
DEXPDF;"LIEFERUNG / WARENPOSITION / UNTERLAGE / Ergänzende Maßeinheit";Bedingung;"Die Angabe des Datenfeldes ist erforderlich, wenn bei den ergänzenden Angaben der Codeliste I0922 die BAFA-Maßeinheit zu der in den Datenfeldern „Art“ und ggf. „Qualifikator“ angegebenen Codierung mit dem Status „D“ [Bedingtes Datenfeld] ausgewiesen ist und die angegebene Genehmigungsunterlage eine mengenmäßige Abschreibung erfordert."
DEXPDF;"LIEFERUNG / WARENPOSITION / UNTERLAGE / Ergänzende Maßeinheit";Bedingung;"Die Angabe des Datenfeldes ist unzulässig, wenn bei den ergänzenden Angaben der Codeliste I0922 die BAFA-Maßeinheit zu der in den Datenfeldern „Art“ und ggf. „Qualifikator“ angegebenen Codierung mit dem Status „N“ [Gesperrtes Datenfeld] ausgewiesen ist."
DEXPDF;"LIEFERUNG / WARENPOSITION / UNTERLAGE / Ergänzende Maßeinheit";Prüfmuster;".{1,10}"
DEXPDF;"LIEFERUNG / WARENPOSITION / UNTERLAGE / Menge";Bedingung;"Wenn das Datenfeld „Ergänzende Maßeinheit“ angegeben wird, gilt:
• Die Angabe des Datenfeldes ist erforderlich und nur zulässig, wenn das Datenfeld mit einem anderen Wert als „div“ oder „ltAnlage“ angegeben wird."
DEXPDF;"LIEFERUNG / WARENPOSITION / UNTERLAGE / Menge";Bedingung;"Wenn das Datenfeld „Maßeinheit“ angegeben wird, gilt:
• Die Angabe des Datenfeldes ist erforderlich."
DEXPDF;"LIEFERUNG / WARENPOSITION / UNTERLAGE / Menge";Bedingung;"Sofern vorgenannte Kriterien nicht gegeben sind, gilt:
• Die Angabe des Datenfeldes ist unzulässig."
DEXPDF;"LIEFERUNG / WARENPOSITION / UNTERLAGE / Menge";Prüfung;"Die Verwendung eines ganzzahligen Wertes ist erforderlich, wenn die Datenfelder „Art“ und ggf. „Qualifikator“ mit einem der Werte aus Codeliste I0969 angegeben werden. Anzuwenden ist ggf. das kaufmännische Rundungssystem."
DEXPDF;"LIEFERUNG / WARENPOSITION / UNTERLAGE / Menge";Prüfung;"Die Verwendung eines ganzzahligen Wertes ist erforderlich, wenn das Datenfeld „Maßeinheit“ mit einem der Werte „NAR“ [Anzahl Stück], „NCL“ [Anzahl Zellen] oder „NPR“ [Anzahl Paar] angegeben wird."
DEXPDF;"LIEFERUNG / WARENPOSITION / UNTERLAGE / Menge";Beschränkung;"0.000001 - 9999999999999999
0.0000001 - 999999999"
DEXPDF;"LIEFERUNG / WARENPOSITION / UNTERLAGE / Menge";Prüfmuster;"((?!0\.?0*\Z)(?=.{1,17}\Z)(0|[1-9][0-9]{0,15})(\.[0-9]{1,6})?|^(?!0\.?0*\Z)(?=.{1,9}\Z)(0|[1-9][0-9]{0,8})(\.[0-9]{1,7})?)"
DEXPDF;"LIEFERUNG / WARENPOSITION / UNTERLAGE / Währung";Bedingung;"Die Angabe des Datenfeldes ist erforderlich, wenn bei den ergänzenden Angaben der Codeliste I0922 der Ausfuhrwert zu der in den Datenfeldern „Art“ und ggf. „Qualifikator“ angegebenen Codierung mit dem Status „R“ [Pflicht-Datenfeld] ausgewiesen ist."
DEXPDF;"LIEFERUNG / WARENPOSITION / UNTERLAGE / Währung";Bedingung;"Die Angabe des Datenfeldes ist erforderlich, wenn bei den ergänzenden Angaben der Codeliste I0922 der Ausfuhrwert zu der in den Datenfeldern „Art“ und ggf. „Qualifikator“ angegebenen Codierung mit dem Status „D“ [Bedingtes Datenfeld] ausgewiesen ist und die angegebene Genehmigungsunterlage eine wertmäßige Abschreibung erfordert."
DEXPDF;"LIEFERUNG / WARENPOSITION / UNTERLAGE / Währung";Bedingung;"Die Angabe des Datenfeldes ist unzulässig, wenn bei den ergänzenden Angaben der Codeliste I0922 der Ausfuhrwert zu der in den Datenfeldern „Art“ und ggf. „Qualifikator“ angegebenen Codierung mit dem Status „N“ [Gesperrtes Datenfeld] ausgewiesen ist."
DEXPDF;"LIEFERUNG / WARENPOSITION / UNTERLAGE / Währung";Prüfung;"Die Verwendung des Wertes „EUR“ [Euro] ist erforderlich, wenn die Datenfelder „Art“ und ggf. „Qualifikator“ mit einem der Werte aus Codeliste I0955 angegeben werden."
DEXPDF;"LIEFERUNG / WARENPOSITION / UNTERLAGE / Währung";Prüfmuster;"[A-Z]{3}"
DEXPDF;"LIEFERUNG / WARENPOSITION / UNTERLAGE / Betrag";Bedingung;"Die Angabe des Datenfeldes ist erforderlich und nur zulässig, wenn das Datenfeld „Währung“ angegeben wird."
DEXPDF;"LIEFERUNG / WARENPOSITION / UNTERLAGE / Betrag";Beschränkung;"0.00 - 9999999999999999
0 - 99999999999"
DEXPDF;"LIEFERUNG / WARENPOSITION / UNTERLAGE / Betrag";Prüfmuster;"((?=.{1,17}\Z)(0|[1-9][0-9]{0,15})(\.[0-9]{1,2})?|^(0|[1-9][0-9]{0,10}))"
DEXPDF;"LIEFERUNG / WARENPOSITION / SONSTIGER VERWEIS";Bedingung;"Zertifikate:
• Die Angabe einer Datengruppe mit dem Wert „Y797“ [Registrierungsnummer des Lizenzsystems gemäß Artikel 17 Absatz 3 Buchstabe a der Verordnung (EU) 2024/590] in dem Datenfeld „Art“ ist erforderlich und nur zulässig, wenn eine Datengruppe „UNTERLAGE“ mit dem Wert „E013“ [Von der Kommission für ""geregelte Stoffe"" (Ozon) erteilte Ausfuhrlizenz] in dem Datenfeld „Art“ angegeben wird.
• Die Angabe einer Datengruppe mit dem Wert „Y121“ [Tonnen CO₂-Äquivalent von Gasen als Massengut und von Gasen, die in Erzeugnissen oder Einrichtungen enthalten sind, und Teile davon] in dem Datenfeld „Art“ ist erforderlich und nur zulässig, wenn eine weitere Datengruppe mit dem Wert „Y123“ [Unternehmen, das gemäß Artikel 20 der Verordnung (EU) 2024/573 auf dem F Gas-Portal registriert ist] in dem Datenfeld „Art“ angegeben wird.
• Die Angabe einer Datengruppe mit einem der Werte „Y161/Y168“ in dem Datenfeld „Art“ ist nur zulässig, wenn eine weitere Datengruppe mit dem Wert „Y123“ [Unternehmen, das gemäß Artikel 20 der Verordnung (EU) 2024/573 auf dem F Gas-Portal registriert ist] in dem Datenfeld „Art“ angegeben wird.
• Die Angabe je einer Datengruppe mit einem der Werte „Y121/Y123/Y163/Y797/Y798/Y799“ in dem Datenfeld „Art“ ist nur einmal je „WARENPOSITION“ zulässig."
DEXPDF;"LIEFERUNG / WARENPOSITION / SONSTIGER VERWEIS";Bedingung;"Sonstiges:
• Die Angabe einer Datengruppe mit dem Wert „Y015“ [Die Rohdiamanten befinden sich in gegen Eingriffe geschützten Behältnissen und die bei der Ausfuhr von diesem Teilnehmer angebrachten Siegel sind nicht erbrochen worden (Kimberley Process).] in dem Datenfeld „Art“ ist erforderlich, wenn eine Datengruppe „UNTERLAGE“ mit dem Wert „C034“ [""Kimberley"" EU- Zertifikat] in dem Datenfeld „Art“ angegeben wird."
DEXPDF;"LIEFERUNG / WARENPOSITION / SONSTIGER VERWEIS / Sequenznummer";Prüfung;"Die Nummern dieser Datengruppen müssen lückenlos aufsteigend angegeben werden, jeweils neu beginnend mit „1“ für jede Datengruppe „WARENPOSITION“."
DEXPDF;"LIEFERUNG / WARENPOSITION / SONSTIGER VERWEIS / Sequenznummer";Beschränkung;"1 - 99"
DEXPDF;"LIEFERUNG / WARENPOSITION / SONSTIGER VERWEIS / Sequenznummer";Prüfmuster;"[1-9][0-9]{0,1}"
DEXPDF;"LIEFERUNG / WARENPOSITION / SONSTIGER VERWEIS / Art";Prüfung;"Die Verweisarten „9ZZX“ [Sonstige Unterlagen ZELOS (Original)], „9ZZY“ [Sonstige Unterlagen ZELOS (Kopie)] und „9ZZZ“ [Sonstiges] sind nicht anmeldbar."
DEXPDF;"LIEFERUNG / WARENPOSITION / SONSTIGER VERWEIS / Art";Aufbau;"TARIC-Codierung mit Ziffern:
a1 Großbuchstabe
n3 Ziffern"
DEXPDF;"LIEFERUNG / WARENPOSITION / SONSTIGER VERWEIS / Art";Aufbau;"TARIC-Codierung mit Buchstaben:
a1 Großbuchstabe
a3 Großbuchstaben"
DEXPDF;"LIEFERUNG / WARENPOSITION / SONSTIGER VERWEIS / Art";Aufbau;"Nationale Codierung:
n1 Ziffer
a3 Großbuchstaben"
DEXPDF;"LIEFERUNG / WARENPOSITION / SONSTIGER VERWEIS / Art";Prüfmuster;"([A-Z][0-9]{3}|^[A-Z][A-Z]{3}|^[0-9][A-Z]{3})"
DEXPDF;"LIEFERUNG / WARENPOSITION / SONSTIGER VERWEIS / Qualifikator";Bedingung;"Die Angabe des Datenfeldes ist erforderlich, wenn die Codeliste zu dem im Datenfeld „Art“ angegebenen Wert eine Qualifikation verlangt."
DEXPDF;"LIEFERUNG / WARENPOSITION / SONSTIGER VERWEIS / Qualifikator";Bedingung;"Die Angabe des Datenfeldes ist nur zulässig, wenn die Codeliste zu dem im Datenfeld „Art“ angegebenen Wert eine Qualifikation erlaubt."
DEXPDF;"LIEFERUNG / WARENPOSITION / SONSTIGER VERWEIS / Qualifikator";Prüfmuster;".{1,3}"
DEXPDF;"LIEFERUNG / WARENPOSITION / SONSTIGER VERWEIS / Referenznummer";Bedingung;"Die Angabe des Datenfeldes ist erforderlich, wenn bei den ergänzenden Angaben der Codeliste I0912 die Referenz zu der in den Datenfeldern „Art“ und ggf. „Qualifikator“ angegebenen Codierung mit dem Status „R“ [Pflicht-Datenfeld] ausgewiesen ist."
DEXPDF;"LIEFERUNG / WARENPOSITION / SONSTIGER VERWEIS / Referenznummer";Bedingung;"Die Angabe des Datenfeldes ist unzulässig, wenn bei den ergänzenden Angaben der Codeliste I0912 die Referenz zu der in den Datenfeldern „Art“ und ggf. „Qualifikator“ angegebenen Codierung mit dem Status „N“ [Gesperrtes Datenfeld] ausgewiesen ist."
DEXPDF;"LIEFERUNG / WARENPOSITION / SONSTIGER VERWEIS / Referenznummer";Prüfung;"Zertifikate:
• Die Verwendung eines Wertes mit gültiger Registrierungsnummer des jeweiligen Lizenzsystems ist erforderlich, wenn das Datenfeld „Art“ mit einem der Werte „Y123/Y797“ [FGAS/ODS-Registrierungsnummern] angegeben wird.
• Das Datenfeld muss in allen Datengruppen „// WARENPOSITION / SONSTIGER VERWEIS“ mit demselben Wert angegeben werden, wenn deren Datenfeld „Art“ mit dem Wert „Y123“ [FGAS-Registrierungsnummer Unternehmen, das gemäß Artikel 20 der Verordnung (EU) 2024/573 auf dem F Gas-Portal registriert ist] angegeben wird.
• Das Datenfeld muss in allen Datengruppen „// WARENPOSITION / SONSTIGER VERWEIS“ mit demselben Wert angegeben werden, wenn deren Datenfeld „Art“ mit dem Wert „Y797“ [ODS-Registrierungsnummer Registrierungsnummer des Lizenzsystems gemäß Artikel 17 Absatz 3 Buchstabe a der Verordnung (EU) 2024/590] angegeben wird."
DEXPDF;"LIEFERUNG / WARENPOSITION / SONSTIGER VERWEIS / Referenznummer";Aufbau;"FGAS („Y123“ [Unternehmen, das gemäß Artikel 20 der Verordnung (EU) 2024/573 auf dem F Gas-Portal registriert ist]):
an..9 Registrierungsnummer"
DEXPDF;"LIEFERUNG / WARENPOSITION / SONSTIGER VERWEIS / Referenznummer";Aufbau;"ODS („Y797“ [Registrierungsnummer des Lizenzsystems gemäß Artikel 17 Absatz 3 Buchstabe a der Verordnung (EU) 2024/590]):
an..35 Registrierungsnummer"
DEXPDF;"LIEFERUNG / WARENPOSITION / SONSTIGER VERWEIS / Referenznummer";Aufbau;"FGAS / ODS („Y163/Y798/Y799“):
n..16,6 Nettomasse mit Wertebereich 0.000001 - 9999999999999999 (in Maßeinheit „KGM“ [Kilogramm])"
DEXPDF;"LIEFERUNG / WARENPOSITION / SONSTIGER VERWEIS / Referenznummer";Aufbau;"FGAS („Y121“ [Tonnen CO₂-Äquivalent von Gasen als Massengut und von Gasen, die in Erzeugnissen oder Einrichtungen enthalten sind, und Teile davon]):
n..16,6 Menge mit Wertebereich 0.000001 - 9999999999999999 (in Maßeinheit „TCE“ [Tonne CO2-Äquivalent an Fluorkohlenwasserstoffen (FKW)])"
DEXPDF;"LIEFERUNG / WARENPOSITION / SONSTIGER VERWEIS / Referenznummer";Prüfmuster;".{1,70}"
DEXPDF;"LIEFERUNG / WARENPOSITION / SONSTIGER VERWEIS / Detail";Bedingung;"Die Angabe des Datenfeldes ist erforderlich, wenn bei den ergänzenden Angaben der Codeliste I0912 die Detaillierung zu der in den Datenfeldern „Art“ und ggf. „Qualifikator“ angegebenen Codierung mit dem Status „R“ [Pflicht-Datenfeld] ausgewiesen ist."
DEXPDF;"LIEFERUNG / WARENPOSITION / SONSTIGER VERWEIS / Detail";Bedingung;"Die Angabe des Datenfeldes ist unzulässig, wenn bei den ergänzenden Angaben der Codeliste I0912 die Detaillierung zu der in den Datenfeldern „Art“ und ggf. „Qualifikator“ angegebenen Codierung mit dem Status „N“ [Gesperrtes Datenfeld] ausgewiesen ist."
DEXPDF;"LIEFERUNG / WARENPOSITION / SONSTIGER VERWEIS / Detail";Prüfmuster;".{1,12}"
DEXPDF;"LIEFERUNG / WARENPOSITION / SONSTIGER VERWEIS / Währung";Bedingung;"Die Angabe des Datenfeldes ist erforderlich, wenn bei den ergänzenden Angaben der Codeliste I0912 der Ausfuhrwert zu der in den Datenfeldern „Art“ und ggf. „Qualifikator“ angegebenen Codierung mit dem Status „R“ [Pflicht-Datenfeld] ausgewiesen ist."
DEXPDF;"LIEFERUNG / WARENPOSITION / SONSTIGER VERWEIS / Währung";Bedingung;"Die Angabe des Datenfeldes ist unzulässig, wenn bei den ergänzenden Angaben der Codeliste I0912 der Ausfuhrwert zu der in den Datenfeldern „Art“ und ggf. „Qualifikator“ angegebenen Codierung mit dem Status „N“ [Gesperrtes Datenfeld] ausgewiesen ist."
DEXPDF;"LIEFERUNG / WARENPOSITION / SONSTIGER VERWEIS / Währung";Prüfung;"Die Verwendung des Wertes „EUR“ [Euro] ist erforderlich, wenn die Datenfelder „Art“ und ggf. „Qualifikator“ mit einem der Werte aus Codeliste I0955 angegeben werden."
DEXPDF;"LIEFERUNG / WARENPOSITION / SONSTIGER VERWEIS / Währung";Prüfmuster;"[A-Z]{3}"
DEXPDF;"LIEFERUNG / WARENPOSITION / SONSTIGER VERWEIS / Betrag";Bedingung;"Die Angabe des Datenfeldes ist erforderlich und nur zulässig, wenn das Datenfeld „Währung“ angegeben wird."
DEXPDF;"LIEFERUNG / WARENPOSITION / SONSTIGER VERWEIS / Betrag";Beschränkung;"0.00 - 9999999999999999"
DEXPDF;"LIEFERUNG / WARENPOSITION / SONSTIGER VERWEIS / Betrag";Prüfmuster;"(?=.{1,17}\Z)(0|[1-9][0-9]{0,15})(\.[0-9]{1,2})?"
DEXPDF;"LIEFERUNG / WARENPOSITION / ZUSÄTZLICHE INFORMATION";Bedingung;"Die Angabe einer Datengruppe mit einem der Werte „00700“ [Erledigung der aktiven Veredelung] oder „00800“ [Erledigung der aktiven Veredelung (besondere handelspolitische Maßnahmen)] in dem Datenfeld „Code“ ist nur zulässig, wenn
• das Datenfeld „// VERFAHREN / Vorhergehendes Verfahren“ mit dem Wert „51“ [Überführung von Waren in das Verfahren der AV] und entweder
eine Datengruppe „UNTERLAGE“ mit dem Wert „C710“ [Informationsblatt] im Datenfeld „Art“ oder
eine Datengruppe „VORPAPIER“ mit dem Wert „9DFG“ [Zollanmeldung zur aktiven Veredelung] im Datenfeld „Art“ oder
eine Datengruppe „BEWILLIGUNG“ mit dem Wert „C601“ [Aktive Veredelung] im Datenfeld „Art“ oder
eine Datengruppe „// VERFAHRENSÜBERGANG / AKTIVE VEREDELUNG“ angemeldet wird oder
• das Datenfeld „// VERFAHREN / Vorhergehendes Verfahren“ mit dem Wert „54“ [AV in einem anderen Mitgliedstaat (ohne die Waren zuvor zum zollrechtlich freien Verkehr zu überlassen)] und entweder
eine Datengruppe „UNTERLAGE“ mit dem Wert „C710“ [Informationsblatt] im Datenfeld „Art“ oder
eine Datengruppe „VORPAPIER“ mit dem Wert „9DFG“ [Zollanmeldung zur aktiven Veredelung] im Datenfeld „Art“ oder
eine Datengruppe „BEWILLIGUNG“ mit dem Wert „C601“ [Aktive Veredelung] im Datenfeld „Art“ angemeldet wird."
DEXPDF;"LIEFERUNG / WARENPOSITION / ZUSÄTZLICHE INFORMATION";Bedingung;"Die Angabe einer Datengruppe mit dem Wert „00900“ [Erledigung der vorübergehenden Verwendung] in dem Datenfeld „Code“ ist nur zulässig, wenn
• das Datenfeld „// VERFAHREN / Vorhergehendes Verfahren“ mit dem Wert „53“ [Überführung von Waren in das Verfahren der Vorübergehenden Verwendung] und entweder
eine Datengruppe „VORPAPIER“ mit dem Wert „9DFF“ [Zollanmeldung zur vorübergehenden Verwendung] im Datenfeld „Art“ oder
eine Datengruppe „BEWILLIGUNG“ mit dem Wert „C516“ [Vorübergehende Verwendung] im Datenfeld „Art“ angemeldet wird."
DEXPDF;"LIEFERUNG / WARENPOSITION / ZUSÄTZLICHE INFORMATION / Sequenznummer";Prüfung;"Die Nummern dieser Datengruppen müssen lückenlos aufsteigend angegeben werden, jeweils neu beginnend mit „1“ für jede Datengruppe „WARENPOSITION“."
DEXPDF;"LIEFERUNG / WARENPOSITION / ZUSÄTZLICHE INFORMATION / Sequenznummer";Beschränkung;"1 - 99"
DEXPDF;"LIEFERUNG / WARENPOSITION / ZUSÄTZLICHE INFORMATION / Sequenznummer";Prüfmuster;"[1-9][0-9]{0,1}"
DEXPDF;"LIEFERUNG / WARENPOSITION / ZUSÄTZLICHE INFORMATION / Code";Prüfung;"Jeder zulässige Wert darf nur in höchstens einer Datengruppe „ZUSÄTZLICHE INFORMATION“ verwendet werden."
DEXPDF;"LIEFERUNG / WARENPOSITION / ZUSÄTZLICHE INFORMATION / Code";Prüfung;"Die Werte „00700“ [Erledigung der aktiven Veredelung], „00800“ [Erledigung der aktiven Veredelung (besondere handelspolitische Maßnahmen)] und „00900“ [Erledigung der vorübergehenden Verwendung] schließen sich gegenseitig aus."
DEXPDF;"LIEFERUNG / WARENPOSITION / ZUSÄTZLICHE INFORMATION / Code";Aufbau;"EU-weit gültig:
n5 Codierung gemäß Codeliste C0239"
DEXPDF;"LIEFERUNG / WARENPOSITION / ZUSÄTZLICHE INFORMATION / Code";Aufbau;"Nur für die Ausfuhrzollstelle bestimmt:
a1 Kennzeichnung „X“ für zusätzliche Information im Verfahrensbereich Ausfuhr
n1 Kennzeichnung „0“ für die Überführung
n3 Kennnummer (mit führenden Nullen)"
DEXPDF;"LIEFERUNG / WARENPOSITION / ZUSÄTZLICHE INFORMATION / Code";Prüfmuster;"([0-9]{5}|X0[0-9]{3})"
DEXPDF;"LIEFERUNG / WARENPOSITION / ZUSÄTZLICHE INFORMATION / Text";Bedingung;"Die Angabe des Datenfeldes ist erforderlich, wenn das Datenfeld „Code“ mit dem Wert „X0000“ [Mitteilung an die Ausfuhrzollstelle] angegeben wird."
DEXPDF;"LIEFERUNG / WARENPOSITION / ZUSÄTZLICHE INFORMATION / Text";Prüfmuster;".{1,512}"
DEXPDF;"LIEFERUNG / WARENPOSITION / BEFÖRDERUNGSKOSTEN";Bedingung;"Die Angabe der Datengruppe ist unzulässig, wenn die Datengruppe „LIEFERUNG / SENDUNG / BEFÖRDERUNGSKOSTEN“ angegeben wird."
DEXPDF;"LIEFERUNG / WARENPOSITION / BEFÖRDERUNGSKOSTEN";Prüfung;"Sofern diese Datengruppe in allen Datengruppen „WARENPOSITION“ angegeben wird, darf der in dem enthaltenen Datenfeld angegebene Wert nicht übergreifend identisch verwendet werden."
DEXPDF;"LIEFERUNG / WARENPOSITION / BEFÖRDERUNGSKOSTEN / Zahlungsart";Prüfmuster;"[A-Z]"
DEXPDF;"LIEFERUNG / WARENPOSITION / PASSIVE VEREDELUNG";Bedingung;"Die Angabe der Datengruppe ist erforderlich und nur zulässig, wenn das Datenfeld „KOPF / Art der Ausfuhranmeldung“ mit einem der Werte „••1•••••“ [Zollrechtliche Passive Veredelung] angegeben wird."
DEXPDF;"LIEFERUNG / WARENPOSITION / PASSIVE VEREDELUNG / Standardaustausch/Ersatzwarenverkehr";Prüfung;"Wenn das Datenfeld „KOPF / Art der Ausfuhranmeldung“ mit einem der Werte „••11••••“ [Passive Veredelung unter Verwendung einer Bewilligung OPO-PV] angegeben wird, gilt:
• Die Verwendung des Wertes „1“ [Ja] ist nur zulässig, wenn in der durch das zugehörige Datenfeld „BEWILLIGUNG / Referenznummer“ in Anspruch genommenen Bewilligung ein Standardaustausch oder ein Ersatzwarenverkehr bewilligt wurde."
DEXPDF;"LIEFERUNG / WARENPOSITION / PASSIVE VEREDELUNG / Standardaustausch/Ersatzwarenverkehr";Prüfung;"Wenn das Datenfeld „KOPF / Art der Ausfuhranmeldung“ mit einem der Werte „••12••••“ [Zollrechtliche Passive Veredelung mit Antrag auf eine vereinfacht zu erteilende PV-Bewilligung] angegeben wird, gilt:
• Die Verwendung des Wertes „1“ [Ja] ist erforderlich, wenn das Datenfeld „// VERFAHREN / Vorhergehendes Verfahren“ mit dem Wert „48“ [Gleichzeitige Überlassung in den zoll- und steuerrechtlich freien Verkehr von Ersatzerzeugnissen im Rahmen der PV vor Ausfuhr der schadhaften Waren] angegeben wird.
• Die Verwendung des Wertes „1“ [Ja] ist unzulässig, wenn das Datenfeld „// VERFAHREN / Vorhergehendes Verfahren“ mit einem anderen Wert als „00“ [kein vorhergehendes Verfahren] oder „48“ [Gleichzeitige Überlassung in den zoll- und steuerrechtlich freien Verkehr von Ersatzerzeugnissen im Rahmen der PV vor Ausfuhr der schadhaften Waren] angegeben wird."
DEXPDF;"LIEFERUNG / WARENPOSITION / PASSIVE VEREDELUNG / Standardaustausch/Ersatzwarenverkehr";Prüfmuster;"[0-9]"
DEXPDF;"LIEFERUNG / WARENPOSITION / PASSIVE VEREDELUNG / Datum der Wiedereinfuhr";Bedingung;"Die Angabe des Datenfeldes ist erforderlich, wenn das Datenfeld „KOPF / Art der Ausfuhranmeldung“ mit einem der Werte „••12••••“ [Zollrechtliche Passive Veredelung mit Antrag auf eine vereinfacht zu erteilende PV-Bewilligung] angegeben wird."
DEXPDF;"LIEFERUNG / WARENPOSITION / PASSIVE VEREDELUNG / Datum der Wiedereinfuhr";Prüfung;"Die Verwendung eines Datums in der Vergangenheit ist unzulässig, wenn das Datenfeld „Standardaustausch/Ersatzwarenverkehr“ mit dem Wert „0“ [Nein] angegeben wird."
DEXPDF;"LIEFERUNG / WARENPOSITION / PASSIVE VEREDELUNG / Datum der Wiedereinfuhr";Prüfung;"Wenn das Datenfeld „KOPF / Art der Ausfuhranmeldung“ mit einem der Werte „••12••••“ [Zollrechtliche Passive Veredelung mit Antrag auf eine vereinfacht zu erteilende PV-Bewilligung] angegeben wird, ist die Verwendung eines Datums in der Vergangenheit erforderlich und nur zulässig, wenn das Datenfeld „// VERFAHREN / Vorhergehendes Verfahren“ mit dem Wert „48“ [Gleichzeitige Überlassung in den zoll- und steuerrechtlich freien Verkehr von Ersatzerzeugnissen im Rahmen der PV vor Ausfuhr der schadhaften Waren] angegeben wird."
DEXPDF;"LIEFERUNG / WARENPOSITION / PASSIVE VEREDELUNG / Datum der Wiedereinfuhr";Prüfung;"Sofern vorgenannte Kriterien nicht gegeben sind, gilt:
• Die Verwendung eines Datums in der Vergangenheit ist unzulässig, wenn das Datenfeld „// VERFAHREN / Vorhergehendes Verfahren“ mit dem Wert „00“ [kein vorhergehendes Verfahren] angegeben wird.
• Die Verwendung eines Datums in der Vergangenheit ist erforderlich, wenn das Datenfeld „// VERFAHREN / Vorhergehendes Verfahren“ mit einem der Werte „46“ [Einfuhr von im Rahmen einer passiven Veredelung aus den Ersatzwaren hergestellten Veredelungserzeugnissen vor der Ausfuhr der Waren, die sie ersetzen• PV: Nur PV-EUSt] oder „48“ [Gleichzeitige Überlassung in den zoll- und steuerrechtlich freien Verkehr von Ersatzerzeugnissen im Rahmen der PV vor Ausfuhr der schadhaften Waren] angegeben wird."
DEXPDF;"LIEFERUNG / WARENPOSITION / PASSIVE VEREDELUNG / Datum der Wiedereinfuhr";Beschränkung;"01.01.2000 - 31.12.2099"
DEXPDF;"LIEFERUNG / WARENPOSITION / PASSIVE VEREDELUNG / Datum der Wiedereinfuhr";Aufbau;"n2 Jahrhundert (20)
n2 Jahr (00-99)
  Trennzeichen („-“)
n2 Monat (01-12)
  Trennzeichen („-“)
n2 Tag (01-31)"
DEXPDF;"LIEFERUNG / WARENPOSITION / PASSIVE VEREDELUNG / Datum der Wiedereinfuhr";Prüfmuster;"(?!....-(02|04|06|09|11)-31|....-02-30|..(.[13579]|[02468][26]|[13579][048])-02-29)
(20[0-9][0-9])-(0[1-9]|1[0-2])-(0[1-9]|[12][0-9]|3[01])"
DEXPDF;"LIEFERUNG / WARENPOSITION / VERFAHRENSÜBERGANG";Bedingung;"Die Angabe der Datengruppe ist nur zulässig, wenn das Datenfeld „// VERFAHREN / Vorhergehendes Verfahren“ mit einem der Werte „51“ [Überführung von Waren in das Verfahren der AV] oder „71“ [Überführung von Waren in das Zolllagerverfahren] angegeben wird."
DEXPDF;"LIEFERUNG / WARENPOSITION / VERFAHRENSÜBERGANG";Bedingung;"Die Angabe der Datengruppe ist unzulässig, wenn das Datenfeld „KOPF / Art der Ausfuhranmeldung“ mit einem der Werte „•••••4••“ [Zentrale Zollabwicklung], „1•••••••“ [Rückwirkende/nachträgliche Anmeldung] oder „20000000“ [Monatliche Sammelanmeldung zum Vereinfachten Verfahren unter Verwendung einer Bewilligung EIR-Ausfuhr] angegeben wird."
DEXPDF;"LIEFERUNG / WARENPOSITION / VERFAHRENSÜBERGANG / ZOLLLAGER";Bedingung;"Die Angabe der Datengruppe ist nur zulässig, wenn das Datenfeld „// VERFAHREN / Vorhergehendes Verfahren“ mit dem Wert „71“ [Überführung von Waren in das Zolllagerverfahren] angegeben wird."
DEXPDF;"LIEFERUNG / WARENPOSITION / VERFAHRENSÜBERGANG / ZOLLLAGER / LRN";Prüfmuster;".{1,35}"
DEXPDF;"LIEFERUNG / WARENPOSITION / VERFAHRENSÜBERGANG / ZOLLLAGER / BEWILLIGUNG / Art";Aufbau;"TARIC-Codierung:
a1 Großbuchstabe
n3 Ziffern"
DEXPDF;"LIEFERUNG / WARENPOSITION / VERFAHRENSÜBERGANG / ZOLLLAGER / BEWILLIGUNG / Art";Prüfmuster;"[A-Z][0-9]{3}"
DEXPDF;"LIEFERUNG / WARENPOSITION / VERFAHRENSÜBERGANG / ZOLLLAGER / BEWILLIGUNG / Referenznummer";Prüfung;"Die Verwendung des Wertes „CWP“ [Private Customs Warehouse] in den Stellen 3-5 der Bewilligungsnummer ist erforderlich, wenn das Datenfeld „Art“ mit dem Wert „C517“ [Privates Zolllager] angegeben wird."
DEXPDF;"LIEFERUNG / WARENPOSITION / VERFAHRENSÜBERGANG / ZOLLLAGER / BEWILLIGUNG / Referenznummer";Prüfung;"Die Verwendung des Wertes „CW1“ [Public Customs Warehouse type 1] in den Stellen 3-5 der Bewilligungsnummer ist erforderlich, wenn das Datenfeld „Art“ mit dem Wert „C518“ [Öffentliches Zolllager (Typ I)] angegeben wird."
DEXPDF;"LIEFERUNG / WARENPOSITION / VERFAHRENSÜBERGANG / ZOLLLAGER / BEWILLIGUNG / Referenznummer";Prüfung;"Die Verwendung des Wertes „CW2“ [Public Customs Warehouse type 2] in den Stellen 3-5 der Bewilligungsnummer ist erforderlich, wenn das Datenfeld „Art“ mit dem Wert „C519“ [Öffentliches Zolllager (Typ II)] angegeben wird."
DEXPDF;"LIEFERUNG / WARENPOSITION / VERFAHRENSÜBERGANG / ZOLLLAGER / BEWILLIGUNG / Referenznummer";Aufbau;"Deutsche Bewilligungsnummer:
a2 Land „DE“ [Deutschland]
an3 EU-Bewilligungsart „CWP“ [Private Customs Warehouse], „CW1“ [Public Customs Warehouse type 1] oder „CW2“ [Public Customs Warehouse type 2]
n4 Dienststellennummer ATLAS des erteilenden Hauptzollamts
a2 Nationale Bewilligungsart „LA“ [Öffentliches Zolllager I des Typs A], „LB“ [Öffentliches Zolllager II des Typs B] oder „LC“ [Privates Zolllager des Typs C (verschlossen und nicht verschlossen)]
n6 Laufende Nummer je Dienststelle und nationaler Bewilligungsart"
DEXPDF;"LIEFERUNG / WARENPOSITION / VERFAHRENSÜBERGANG / ZOLLLAGER / BEWILLIGUNG / Referenznummer";Aufbau;"Bewilligungsnummer anderer Mitgliedstaaten:
a2 Land (Codeliste C0010), ohne „DE“ [Deutschland]
an3 EU-Bewilligungsart „CWP“ [Private Customs Warehouse], „CW1“ [Public Customs Warehouse type 1] oder „CW2“ [Public Customs Warehouse type 2]
an..29 Nationale Referenznummer der Bewilligung"
DEXPDF;"LIEFERUNG / WARENPOSITION / VERFAHRENSÜBERGANG / ZOLLLAGER / BEWILLIGUNG / Referenznummer";Prüfmuster;"(DECW[P12][0-9]{4}L[ABC][0-9]{6}|^(?!DE)[A-Z]{2}CW[P12].{1,29})"
DEXPDF;"LIEFERUNG / WARENPOSITION / VERFAHRENSÜBERGANG / ZOLLLAGER / WARENPOSITION / Sequenznummer";Prüfung;"Die Nummern dieser Datengruppen müssen lückenlos aufsteigend angegeben werden, jeweils neu beginnend mit „1“ für jede Datengruppe „WARENPOSITION“."
DEXPDF;"LIEFERUNG / WARENPOSITION / VERFAHRENSÜBERGANG / ZOLLLAGER / WARENPOSITION / Sequenznummer";Beschränkung;"1 - 999"
DEXPDF;"LIEFERUNG / WARENPOSITION / VERFAHRENSÜBERGANG / ZOLLLAGER / WARENPOSITION / Sequenznummer";Prüfmuster;"[1-9][0-9]{0,2}"
DEXPDF;"LIEFERUNG / WARENPOSITION / VERFAHRENSÜBERGANG / ZOLLLAGER / WARENPOSITION / Zugang in ATLAS";Prüfmuster;"[0-9]"
DEXPDF;"LIEFERUNG / WARENPOSITION / VERFAHRENSÜBERGANG / ZOLLLAGER / WARENPOSITION / MRN";Bedingung;"Die Angabe des Datenfeldes ist nur zulässig, wenn das Datenfeld „Zugang in ATLAS“ mit dem Wert „1“ [Ja] angegeben wird."
DEXPDF;"LIEFERUNG / WARENPOSITION / VERFAHRENSÜBERGANG / ZOLLLAGER / WARENPOSITION / MRN";Bedingung;"Die Angabe des Datenfeldes ist erforderlich und nur zulässig, wenn das Datenfeld „Registriernummer“ nicht angegeben wird."
DEXPDF;"LIEFERUNG / WARENPOSITION / VERFAHRENSÜBERGANG / ZOLLLAGER / WARENPOSITION / MRN";Aufbau;"n2 Jahr (00-99)
a2 Land „DE“ [Deutschland]
n4 Dienststellennummer ATLAS
a1 Monat („A“-„L“)
a1 Art des Belegs „C“ [Einzelzollanmeldung (EZA) einschl. ZvG], „D“ [Vereinfachte Zollanmeldung (vZA) einschl. ZvG], „E“ [Anschreibungsmitteilung (Zoll) (AZ)], „G“ [Einzelzollanmeldung (EZA) einschl. ZvG – CCI], „H“ [Auszug aus den Bestandsaufzeichnungen (BA), auch als ZiA], „L“ [Vereinfachte Zollanmeldung (vZA) einschl. ZvG – CCI], „N“ [Gestellungsmitteilung im Anschreibeverfahren – CCI] oder „T“ [Lagerbestandsübertragung (Zugang) (LÜGZ)]
an1 Verfahrenscode (Ziffer oder Großbuchstabe)
an5 Laufende Nummer (Ziffern und Großbuchstaben)
a1 Verfahrenskennung „R“ [Nur Einfuhranmeldung] oder „S“ [Einfuhranmeldung und summarische Eingangsanmeldung]
n1 Prüfziffer"
DEXPDF;"LIEFERUNG / WARENPOSITION / VERFAHRENSÜBERGANG / ZOLLLAGER / WARENPOSITION / MRN";Prüfmuster;"[0-9]{2}DE[0-9]{4}[A-L][CDEGHLNT][0-9A-Z][0-9A-Z]{5}[RS][0-9]"
DEXPDF;"LIEFERUNG / WARENPOSITION / VERFAHRENSÜBERGANG / ZOLLLAGER / WARENPOSITION / Registriernummer";Bedingung;"Die Angabe des Datenfeldes ist erforderlich und nur zulässig, wenn das Datenfeld „MRN“ nicht angegeben wird."
DEXPDF;"LIEFERUNG / WARENPOSITION / VERFAHRENSÜBERGANG / ZOLLLAGER / WARENPOSITION / Registriernummer";Prüfung;"Die Verwendung eines Wertes im Format „an21“, in Aufbau und Inhalt einer passenden ATLAS-Registriernummer entsprechend, ist erforderlich, wenn das Datenfeld „Zugang in ATLAS“ mit dem Wert „1“ [Ja] angegeben wird."
DEXPDF;"LIEFERUNG / WARENPOSITION / VERFAHRENSÜBERGANG / ZOLLLAGER / WARENPOSITION / Registriernummer";Aufbau;"ATLAS-Registriernummer:
a2 Kennzeichen „AT“ [IT-Verfahrens ATLAS]
a1 Art des Belegs „C“, „D“, „E“, „H“ oder „T“
n2 Verfahrenscode „71“ [Überführung von Waren in das Zolllagerverfahren]
n6 Laufende Nummer
n2 Monat (01-12)
n2 Jahrhundert (19-20)
n2 Jahr (00-99)
n4 Dienststellennummer ATLAS"
DEXPDF;"LIEFERUNG / WARENPOSITION / VERFAHRENSÜBERGANG / ZOLLLAGER / WARENPOSITION / Registriernummer";Prüfmuster;".{1,35}"
DEXPDF;"LIEFERUNG / WARENPOSITION / VERFAHRENSÜBERGANG / ZOLLLAGER / WARENPOSITION / Positionsnummer";Beschränkung;"1 - 99999"
DEXPDF;"LIEFERUNG / WARENPOSITION / VERFAHRENSÜBERGANG / ZOLLLAGER / WARENPOSITION / Positionsnummer";Prüfmuster;"[1-9][0-9]{0,4}"
DEXPDF;"LIEFERUNG / WARENPOSITION / VERFAHRENSÜBERGANG / ZOLLLAGER / WARENPOSITION / Übliche Behandlung";Prüfmuster;"[0-9]"
DEXPDF;"LIEFERUNG / WARENPOSITION / VERFAHRENSÜBERGANG / ZOLLLAGER / WARENPOSITION / Zusätzliche Angaben";Prüfmuster;".{1,100}"
DEXPDF;"LIEFERUNG / WARENPOSITION / VERFAHRENSÜBERGANG / ZOLLLAGER / WARENPOSITION / WARE / WARENNUMMER / Unterposition des Harmonisierten Systems";Prüfmuster;"[0-9]{6}"
DEXPDF;"LIEFERUNG / WARENPOSITION / VERFAHRENSÜBERGANG / ZOLLLAGER / WARENPOSITION / WARE / WARENNUMMER / Unterposition der Kombinierten Nomenklatur";Prüfmuster;"[0-9]{2}"
DEXPDF;"LIEFERUNG / WARENPOSITION / VERFAHRENSÜBERGANG / ZOLLLAGER / WARENPOSITION / WARE / WARENNUMMER / TARIC-Code";Prüfmuster;"[0-9]{2}"
DEXPDF;"LIEFERUNG / WARENPOSITION / VERFAHRENSÜBERGANG / ZOLLLAGER / WARENPOSITION / WARE / WARENNUMMER / NATIONALER ZUSATZCODE / Nationaler Zusatzcode";Beschränkung;"0 - 9"
DEXPDF;"LIEFERUNG / WARENPOSITION / VERFAHRENSÜBERGANG / ZOLLLAGER / WARENPOSITION / WARE / WARENNUMMER / NATIONALER ZUSATZCODE / Nationaler Zusatzcode";Prüfmuster;"[0-9]"
DEXPDF;"LIEFERUNG / WARENPOSITION / VERFAHRENSÜBERGANG / ZOLLLAGER / WARENPOSITION / WARE / ABGANGSMENGE / Maßeinheit";Prüfmuster;".{3}"
DEXPDF;"LIEFERUNG / WARENPOSITION / VERFAHRENSÜBERGANG / ZOLLLAGER / WARENPOSITION / WARE / ABGANGSMENGE / Qualifikator";Bedingung;"Die Angabe des Datenfeldes ist erforderlich, wenn die Codeliste zu dem im Datenfeld „Maßeinheit“ angegebenen Wert eine Qualifikation verlangt."
DEXPDF;"LIEFERUNG / WARENPOSITION / VERFAHRENSÜBERGANG / ZOLLLAGER / WARENPOSITION / WARE / ABGANGSMENGE / Qualifikator";Bedingung;"Die Angabe des Datenfeldes ist nur zulässig, wenn die Codeliste zu dem im Datenfeld „Maßeinheit“ angegebenen Wert eine Qualifikation erlaubt."
DEXPDF;"LIEFERUNG / WARENPOSITION / VERFAHRENSÜBERGANG / ZOLLLAGER / WARENPOSITION / WARE / ABGANGSMENGE / Qualifikator";Prüfmuster;"."
DEXPDF;"LIEFERUNG / WARENPOSITION / VERFAHRENSÜBERGANG / ZOLLLAGER / WARENPOSITION / WARE / ABGANGSMENGE / Menge";Prüfung;"Die Verwendung eines ganzzahligen Wertes ist erforderlich, wenn das Datenfeld „Maßeinheit“ mit einem der Werte „NAR“ [Anzahl Stück], „NCL“ [Anzahl Zellen] oder „NPR“ [Anzahl Paar] angegeben wird."
DEXPDF;"LIEFERUNG / WARENPOSITION / VERFAHRENSÜBERGANG / ZOLLLAGER / WARENPOSITION / WARE / ABGANGSMENGE / Menge";Beschränkung;"0.001 - 999999999.999"
DEXPDF;"LIEFERUNG / WARENPOSITION / VERFAHRENSÜBERGANG / ZOLLLAGER / WARENPOSITION / WARE / ABGANGSMENGE / Menge";Prüfmuster;"(?!0\.?0*\Z)(0|[1-9][0-9]{0,8})(\.[0-9]{1,3})?"
DEXPDF;"LIEFERUNG / WARENPOSITION / VERFAHRENSÜBERGANG / ZOLLLAGER / WARENPOSITION / WARE / HANDELSMENGE";Bedingung;"Die Angabe der Datengruppe ist nur zulässig, wenn das Datenfeld „Übliche Behandlung“ mit dem Wert „1“ [Ja] angegeben wird."
DEXPDF;"LIEFERUNG / WARENPOSITION / VERFAHRENSÜBERGANG / ZOLLLAGER / WARENPOSITION / WARE / HANDELSMENGE / Maßeinheit";Prüfmuster;".{3}"
DEXPDF;"LIEFERUNG / WARENPOSITION / VERFAHRENSÜBERGANG / ZOLLLAGER / WARENPOSITION / WARE / HANDELSMENGE / Qualifikator";Bedingung;"Die Angabe des Datenfeldes ist erforderlich, wenn die Codeliste zu dem im Datenfeld „Maßeinheit“ angegebenen Wert eine Qualifikation verlangt."
DEXPDF;"LIEFERUNG / WARENPOSITION / VERFAHRENSÜBERGANG / ZOLLLAGER / WARENPOSITION / WARE / HANDELSMENGE / Qualifikator";Bedingung;"Die Angabe des Datenfeldes ist nur zulässig, wenn die Codeliste zu dem im Datenfeld „Maßeinheit“ angegebenen Wert eine Qualifikation erlaubt."
DEXPDF;"LIEFERUNG / WARENPOSITION / VERFAHRENSÜBERGANG / ZOLLLAGER / WARENPOSITION / WARE / HANDELSMENGE / Qualifikator";Prüfmuster;"."
DEXPDF;"LIEFERUNG / WARENPOSITION / VERFAHRENSÜBERGANG / ZOLLLAGER / WARENPOSITION / WARE / HANDELSMENGE / Menge";Prüfung;"Die Verwendung eines ganzzahligen Wertes ist erforderlich, wenn das Datenfeld „Maßeinheit“ mit einem der Werte „NAR“ [Anzahl Stück], „NCL“ [Anzahl Zellen] oder „NPR“ [Anzahl Paar] angegeben wird."
DEXPDF;"LIEFERUNG / WARENPOSITION / VERFAHRENSÜBERGANG / ZOLLLAGER / WARENPOSITION / WARE / HANDELSMENGE / Menge";Beschränkung;"0.001 - 999999999.999"
DEXPDF;"LIEFERUNG / WARENPOSITION / VERFAHRENSÜBERGANG / ZOLLLAGER / WARENPOSITION / WARE / HANDELSMENGE / Menge";Prüfmuster;"(?!0\.?0*\Z)(0|[1-9][0-9]{0,8})(\.[0-9]{1,3})?"
DEXPDF;"LIEFERUNG / WARENPOSITION / VERFAHRENSÜBERGANG / AKTIVE VEREDELUNG";Bedingung;"Die Angabe der Datengruppe ist nur zulässig, wenn das Datenfeld „// VERFAHREN / Vorhergehendes Verfahren“ mit dem Wert „51“ [Überführung von Waren in das Verfahren der AV] angegeben wird."
DEXPDF;"LIEFERUNG / WARENPOSITION / VERFAHRENSÜBERGANG / AKTIVE VEREDELUNG / Vereinfacht erteilte Bewilligung";Prüfmuster;"[0-9]"
DEXPDF;"LIEFERUNG / WARENPOSITION / VERFAHRENSÜBERGANG / AKTIVE VEREDELUNG / BEWILLIGUNG";Bedingung;"Die Angabe der Datengruppe ist erforderlich und nur zulässig, wenn das Datenfeld „Vereinfacht erteilte Bewilligung“ mit dem Wert „0“ [Nein] angegeben wird."
DEXPDF;"LIEFERUNG / WARENPOSITION / VERFAHRENSÜBERGANG / AKTIVE VEREDELUNG / BEWILLIGUNG / Art";Aufbau;"TARIC-Codierung:
a1 Großbuchstabe
n3 Ziffern"
DEXPDF;"LIEFERUNG / WARENPOSITION / VERFAHRENSÜBERGANG / AKTIVE VEREDELUNG / BEWILLIGUNG / Art";Prüfmuster;"[A-Z][0-9]{3}"
DEXPDF;"LIEFERUNG / WARENPOSITION / VERFAHRENSÜBERGANG / AKTIVE VEREDELUNG / BEWILLIGUNG / Referenznummer";Prüfung;"Die Verwendung des Wertes „IPO“ [Inward Processing] in den Stellen 3-5 der Bewilligungsnummer ist erforderlich, wenn das Datenfeld „Art“ mit dem Wert „C601“ [Aktive Veredelung] angegeben wird."
DEXPDF;"LIEFERUNG / WARENPOSITION / VERFAHRENSÜBERGANG / AKTIVE VEREDELUNG / BEWILLIGUNG / Referenznummer";Aufbau;"Deutsche Bewilligungsnummer:
a2 Land „DE“ [Deutschland]
a3 EU-Bewilligungsart „IPO“ [Inward Processing]
n4 Dienststellennummer ATLAS des erteilenden Hauptzollamts
a2 Nationale Bewilligungsart „AV“ [Aktive Veredelung]
n6 Laufende Nummer je Dienststelle und nationaler Bewilligungsart"
DEXPDF;"LIEFERUNG / WARENPOSITION / VERFAHRENSÜBERGANG / AKTIVE VEREDELUNG / BEWILLIGUNG / Referenznummer";Aufbau;"Bewilligungsnummer anderer Mitgliedstaaten:
a2 Land (Codeliste C0010), ohne „DE“ [Deutschland]
a3 EU-Bewilligungsart „IPO“ [Inward Processing]
an..29 Nationale Referenznummer der Bewilligung"
DEXPDF;"LIEFERUNG / WARENPOSITION / VERFAHRENSÜBERGANG / AKTIVE VEREDELUNG / BEWILLIGUNG / Referenznummer";Prüfmuster;"(DEIPO[0-9]{4}AV[0-9]{6}|^(?!DE)[A-Z]{2}IPO.{1,29})"
DEXPDF;"LIEFERUNG / WARENPOSITION / VERFAHRENSÜBERGANG / AKTIVE VEREDELUNG / ÜBERWACHUNGSZOLLSTELLE";Bedingung;"Die Angabe der Datengruppe ist erforderlich und nur zulässig, wenn das Datenfeld „Vereinfacht erteilte Bewilligung“ mit dem Wert „1“ [Ja] angegeben wird."
DEXPDF;"LIEFERUNG / WARENPOSITION / VERFAHRENSÜBERGANG / AKTIVE VEREDELUNG / ÜBERWACHUNGSZOLLSTELLE / Referenznummer";Aufbau;"a2 Land „DE“ [Deutschland]
n2 zwei führende Ziffern „00“
n4 Dienststellennummer ATLAS"
DEXPDF;"LIEFERUNG / WARENPOSITION / VERFAHRENSÜBERGANG / AKTIVE VEREDELUNG / ÜBERWACHUNGSZOLLSTELLE / Referenznummer";Prüfmuster;"DE00[0-9]{4}"
DEXPDF;"LIEFERUNG / WARENPOSITION / VERFAHRENSÜBERGANG / AKTIVE VEREDELUNG / WARENPOSITION / Sequenznummer";Prüfung;"Die Nummern dieser Datengruppen müssen lückenlos aufsteigend angegeben werden, jeweils neu beginnend mit „1“ für jede Datengruppe „WARENPOSITION“."
DEXPDF;"LIEFERUNG / WARENPOSITION / VERFAHRENSÜBERGANG / AKTIVE VEREDELUNG / WARENPOSITION / Sequenznummer";Beschränkung;"1 - 999"
DEXPDF;"LIEFERUNG / WARENPOSITION / VERFAHRENSÜBERGANG / AKTIVE VEREDELUNG / WARENPOSITION / Sequenznummer";Prüfmuster;"[1-9][0-9]{0,2}"
DEXPDF;"LIEFERUNG / WARENPOSITION / VERFAHRENSÜBERGANG / AKTIVE VEREDELUNG / WARENPOSITION / Zugang in ATLAS";Prüfmuster;"[0-9]"
DEXPDF;"LIEFERUNG / WARENPOSITION / VERFAHRENSÜBERGANG / AKTIVE VEREDELUNG / WARENPOSITION / MRN";Bedingung;"Die Angabe des Datenfeldes ist nur zulässig, wenn das Datenfeld „Zugang in ATLAS“ mit dem Wert „1“ [Ja] angegeben wird."
DEXPDF;"LIEFERUNG / WARENPOSITION / VERFAHRENSÜBERGANG / AKTIVE VEREDELUNG / WARENPOSITION / MRN";Bedingung;"Die Angabe des Datenfeldes ist erforderlich und nur zulässig, wenn das Datenfeld „Registriernummer“ nicht angegeben wird."
DEXPDF;"LIEFERUNG / WARENPOSITION / VERFAHRENSÜBERGANG / AKTIVE VEREDELUNG / WARENPOSITION / MRN";Aufbau;"n2 Jahr (00-99)
a2 Land „DE“ [Deutschland]
n4 Dienststellennummer ATLAS
a1 Monat („A“-„L“)
a1 Art des Belegs „C“ [Einzelzollanmeldung (EZA) einschl. ZvG], „D“ [Vereinfachte Zollanmeldung (vZA) einschl. ZvG], „E“ [Anschreibungsmitteilung (Zoll) (AZ)], „G“ [Einzelzollanmeldung (EZA) einschl. ZvG – CCI], „L“ [Vereinfachte Zollanmeldung (vZA) einschl. ZvG – CCI], „N“ [Gestellungsmitteilung im Anschreibeverfahren – CCI], „P“ [Ergänzende Zollanmeldung bei Aktiver Veredelung (EGZ-AV), auch als ZiA] oder „R“ [Ergänzende Zollanmeldung (EGZ) – CCI]
an1 Verfahrenscode (Ziffer oder Großbuchstabe)
an5 Laufende Nummer (Ziffern und Großbuchstaben)
a1 Verfahrenskennung „R“ [Nur Einfuhranmeldung] oder „S“ [Einfuhranmeldung und summarische Eingangsanmeldung]
n1 Prüfziffer"
DEXPDF;"LIEFERUNG / WARENPOSITION / VERFAHRENSÜBERGANG / AKTIVE VEREDELUNG / WARENPOSITION / MRN";Prüfmuster;"[0-9]{2}DE[0-9]{4}[A-L][CDEGLNPR][0-9A-Z][0-9A-Z]{5}[RS][0-9]"
DEXPDF;"LIEFERUNG / WARENPOSITION / VERFAHRENSÜBERGANG / AKTIVE VEREDELUNG / WARENPOSITION / Registriernummer";Bedingung;"Die Angabe des Datenfeldes ist erforderlich und nur zulässig, wenn das Datenfeld „MRN“ nicht angegeben wird."
DEXPDF;"LIEFERUNG / WARENPOSITION / VERFAHRENSÜBERGANG / AKTIVE VEREDELUNG / WARENPOSITION / Registriernummer";Prüfung;"Die Verwendung eines Wertes im Format „an21“, in Aufbau und Inhalt einer passenden ATLAS-Registriernummer entsprechend, ist erforderlich, wenn das Datenfeld „Zugang in ATLAS“ mit dem Wert „1“ [Ja] angegeben wird. In diesem Fall muss die Komponente „Verfahrenscode“ mit dem Datenfeld „// VERFAHREN / Vorhergehendes Verfahren“ übereinstimmen."
DEXPDF;"LIEFERUNG / WARENPOSITION / VERFAHRENSÜBERGANG / AKTIVE VEREDELUNG / WARENPOSITION / Registriernummer";Aufbau;"ATLAS-Registriernummer:
a2 Kennzeichen „AT“ [IT-Verfahrens ATLAS]
a1 Art des Belegs „C“, „D“, „E“ oder „P“
n2 Verfahrenscode „51“ [Überführung von Waren in das Verfahren der AV]
n6 Laufende Nummer
n2 Monat (01-12)
n2 Jahrhundert (19-20)
n2 Jahr (00-99)
n4 Dienststellennummer ATLAS"
DEXPDF;"LIEFERUNG / WARENPOSITION / VERFAHRENSÜBERGANG / AKTIVE VEREDELUNG / WARENPOSITION / Registriernummer";Prüfmuster;".{1,35}"
DEXPDF;"LIEFERUNG / WARENPOSITION / VERFAHRENSÜBERGANG / AKTIVE VEREDELUNG / WARENPOSITION / Positionsnummer";Beschränkung;"1 - 99999"
DEXPDF;"LIEFERUNG / WARENPOSITION / VERFAHRENSÜBERGANG / AKTIVE VEREDELUNG / WARENPOSITION / Positionsnummer";Prüfmuster;"[1-9][0-9]{0,4}"
DEXPDF;"LIEFERUNG / WARENPOSITION / VERFAHRENSÜBERGANG / AKTIVE VEREDELUNG / WARENPOSITION / WARE / Warenbezogene Angaben";Prüfmuster;".{1,350}"
